Date,return,mu,nu,pi,exposure_baseline,exposure_fuzzy,return_baseline,return_fuzzy,cumulative_baseline,cumulative_fuzzy
2022-01-03,0.0137431727948811,0.49668580406285756,0.5033141959371426,0.0,1.0,1.0,0.0137431727948811,0.0137431727948811,0.0137431727948811,0.0137431727948811
2022-01-04,0.0080932253369886,0.49668580406285756,0.5033141959371426,0.0,1.0,1.0,0.0080932253369886,0.0080932253369886,0.0218363981318697,0.0218363981318697
2022-01-05,0.0133670786692667,0.49668580406285756,0.5033141959371426,0.0,1.0,1.0,0.0133670786692667,0.0133670786692667,0.0352034768011364,0.0352034768011364
2022-01-06,-0.0012323819594336,0.49668580406285756,0.5033141959371426,0.0,1.0,1.0,-0.0012323819594336,-0.0012323819594336,0.0339710948417028,0.0339710948417028
2022-01-07,0.0006912595251742,0.49668580406285756,0.5033141959371426,0.0,1.0,1.0,0.0006912595251742,0.0006912595251742,0.034662354366877,0.034662354366877
2022-01-10,0.0082400710570201,0.49668580406285756,0.5033141959371426,0.0,1.0,1.0,0.0082400710570201,0.0082400710570201,0.0429024254238971,0.0429024254238971
2022-01-11,6.520913074436941e-05,0.49668580406285756,0.5033141959371426,0.0,1.0,1.0,6.520913074436941e-05,6.520913074436941e-05,0.04296763455464147,0.04296763455464147
2022-01-12,0.0046375401263206,0.49668580406285756,0.5033141959371426,0.0,1.0,1.0,0.0046375401263206,0.0046375401263206,0.04760517468096207,0.04760517468096207
2022-01-13,0.0047325002107598,0.49668580406285756,0.5033141959371426,0.0,1.0,1.0,0.0047325002107598,0.0047325002107598,0.05233767489172187,0.05233767489172187
2022-01-14,0.001018743158201,0.49668580406285756,0.5033141959371426,0.0,1.0,1.0,0.001018743158201,0.001018743158201,0.053356418049922874,0.053356418049922874
2022-01-17,0.0027444106243498,0.49668580406285756,0.5033141959371426,0.0,1.0,1.0,0.0027444106243498,0.0027444106243498,0.05610082867427267,0.05610082867427267
2022-01-18,-0.0143225055718591,0.49668580406285756,0.5033141959371426,0.0,1.0,1.0,-0.0143225055718591,-0.0143225055718591,0.04177832310241357,0.04177832310241357
2022-01-19,-0.0103927578142303,0.49668580406285756,0.5033141959371426,0.0,1.0,1.0,-0.0103927578142303,-0.0103927578142303,0.03138556528818327,0.03138556528818327
2022-01-20,-0.0147347955806623,0.49668580406285756,0.5033141959371426,0.0,1.0,1.0,-0.0147347955806623,-0.0147347955806623,0.016650769707520975,0.016650769707520975
2022-01-21,-0.0110559937802223,0.49668580406285756,0.5033141959371426,0.0,1.0,1.0,-0.0110559937802223,-0.0110559937802223,0.005594775927298675,0.005594775927298675
2022-01-24,-0.0360618052894285,0.49668580406285756,0.5033141959371426,0.0,1.0,1.0,-0.0360618052894285,-0.0360618052894285,-0.030467029362129822,-0.030467029362129822
2022-01-25,0.0055896223394934,0.49668580406285756,0.5033141959371426,0.0,1.0,1.0,0.0055896223394934,0.0055896223394934,-0.02487740702263642,-0.02487740702263642
2022-01-27,-0.0121042057439129,0.49668580406285756,0.5033141959371426,0.0,1.0,1.0,-0.0121042057439129,-0.0121042057439129,-0.03698161276654932,-0.03698161276654932
2022-01-28,0.0022544436245198,0.49668580406285756,0.5033141959371426,0.0,1.0,1.0,0.0022544436245198,0.0022544436245198,-0.03472716914202952,-0.03472716914202952
2022-01-31,0.014822516942291,0.49668580406285756,0.5033141959371426,0.0,1.0,1.0,0.014822516942291,0.014822516942291,-0.019904652199738523,-0.019904652199738523
2022-02-01,0.0119282463076839,0.49668580406285756,0.5033141959371426,0.0,1.0,1.0,0.0119282463076839,0.0119282463076839,-0.007976405892054624,-0.007976405892054624
2022-02-02,0.0176563514536325,0.4939433819234839,0.5060566180765161,0.0,1.0,1.0,0.0176563514536325,0.0176563514536325,0.009679945561577877,0.009679945561577877
2022-02-03,-0.0085884188816005,0.49756465310099063,0.5024353468990094,0.0,1.0,1.0,-0.0085884188816005,-0.0085884188816005,0.0010915266799773771,0.0010915266799773771
2022-02-04,-0.0017559535375316,0.4960643086333649,0.5039356913666351,0.0,1.0,1.0,-0.0017559535375316,-0.0017559535375316,-0.0006644268575542228,-0.0006644268575542228
2022-02-07,-0.0256997190888766,0.49670377167951607,0.5032962283204839,0.0,1.0,1.0,-0.0256997190888766,-0.0256997190888766,-0.02636414594643082,-0.02636414594643082
2022-02-08,0.0079284061898741,0.4984488828637991,0.5015511171362009,0.0,1.0,1.0,0.0079284061898741,0.0079284061898741,-0.01843573975655672,-0.01843573975655672
2022-02-09,0.0140080989312718,0.4955617029695348,0.5044382970304653,0.0,1.0,1.0,0.0140080989312718,0.0140080989312718,-0.00442764082528492,-0.00442764082528492
2022-02-10,0.0051319835954662,0.49695727400507766,0.5030427259949224,0.0,1.0,1.0,0.0051319835954662,0.0051319835954662,0.00070434277018128,0.00070434277018128
2022-02-11,-0.0122620962813815,0.5000695557234639,0.4999304442765361,0.0,1.0,1.0,-0.0122620962813815,-0.0122620962813815,-0.01155775351120022,-0.01155775351120022
2022-02-14,-0.0264744436309972,0.5113309577801771,0.4886690422198228,5.551115123125783e-17,1.0,1.0,-0.0264744436309972,-0.0264744436309972,-0.03803219714219742,-0.03803219714219742
2022-02-15,0.0326681131242929,0.5054081837804927,0.4945918162195073,0.0,1.0,1.0,0.0326681131242929,0.0326681131242929,-0.005364084017904516,-0.005364084017904516
2022-02-16,0.0012500876554797,0.514684991214558,0.48531500878544187,1.1102230246251565e-16,1.0,0.9999999999999999,0.0012500876554797,0.0012500876554796998,-0.004113996362424816,-0.004113996362424817
2022-02-17,4.81448242782107e-05,0.5143715146851933,0.48562848531480673,0.0,1.0,1.0,4.81448242782107e-05,4.81448242782107e-05,-0.004065851538146605,-0.004065851538146606
2022-02-18,-0.0031698630076756,0.5127914106503353,0.48720858934966466,5.551115123125783e-17,1.0,1.0,-0.0031698630076756,-0.0031698630076756,-0.007235714545822205,-0.007235714545822206
2022-02-21,-0.0081139615465659,0.505660373808953,0.49433962619104693,5.551115123125783e-17,1.0,1.0,-0.0081139615465659,-0.0081139615465659,-0.015349676092388104,-0.015349676092388105
2022-02-22,-0.0020074952557036,0.5145566909004763,0.4854433090995236,1.1102230246251565e-16,1.0,0.9999999999999999,-0.0020074952557036,-0.0020074952557035996,-0.017357171348091702,-0.017357171348091706
2022-02-23,0.0021551605614439,0.5126816128103451,0.4873183871896549,0.0,1.0,1.0,0.0021551605614439,0.0021551605614439,-0.015202010786647803,-0.015202010786647806
2022-02-24,-0.0488348336524387,0.5162184979192725,0.48378150208072745,0.0,1.0,1.0,-0.0488348336524387,-0.0488348336524387,-0.0640368444390865,-0.06403684443908651
2022-02-25,0.0286828818782137,0.5104310885629302,0.4895689114370697,1.1102230246251565e-16,1.0,0.9999999999999999,0.0286828818782137,0.028682881878213697,-0.035353962560872795,-0.035353962560872816
2022-02-28,0.011084348687059,0.4965395365483632,0.5034604634516369,0.0,1.0,1.0,0.011084348687059,0.011084348687059,-0.024269613873813795,-0.024269613873813815
2022-03-02,-0.0100445411340388,0.49664423361766363,0.5033557663823364,0.0,1.0,1.0,-0.0100445411340388,-0.0100445411340388,-0.03431415500785259,-0.03431415500785261
2022-03-03,-0.0085675913643502,0.49094185514412814,0.5090581448558719,0.0,1.0,1.0,-0.0085675913643502,-0.0085675913643502,-0.042881746372202795,-0.042881746372202816
2022-03-04,-0.0192336479201282,0.48740399992010996,0.51259600007989,0.0,1.0,1.0,-0.0192336479201282,-0.0192336479201282,-0.062115394292331,-0.06211539429233101
2022-03-07,-0.0313685141499789,0.5058428712133931,0.4941571287866069,0.0,1.0,1.0,-0.0313685141499789,-0.0313685141499789,-0.09348390844230989,-0.09348390844230992
2022-03-08,0.0071075141166127,0.5059627194543971,0.4940372805456029,0.0,1.0,1.0,0.0071075141166127,0.0071075141166127,-0.08637639432569719,-0.08637639432569721
2022-03-09,0.0240152649074403,0.5042686017909028,0.4957313982090972,0.0,1.0,1.0,0.0240152649074403,0.0240152649074403,-0.06236112941825689,-0.062361129418256916
2022-03-10,0.0187246067426259,0.5070145376693715,0.49298546233062857,0.0,1.0,1.0,0.0187246067426259,0.0187246067426259,-0.04363652267563099,-0.04363652267563102
2022-03-11,0.0029887825087866,0.5258216098798262,0.47417839012017376,5.551115123125783e-17,1.0,1.0,0.0029887825087866,0.0029887825087866,-0.040647740166844394,-0.04064774016684442
2022-03-14,0.0105644264004197,0.5001807468874876,0.49981925311251246,0.0,1.0,1.0,0.0105644264004197,0.0105644264004197,-0.030083313766424695,-0.030083313766424723
2022-03-15,-0.0044561253580547,0.5015785435887505,0.4984214564112495,0.0,1.0,1.0,-0.0044561253580547,-0.0044561253580547,-0.0345394391244794,-0.034539439124479425
2022-03-16,0.0198616991609268,0.5034319191544657,0.4965680808455342,5.551115123125783e-17,1.0,1.0,0.0198616991609268,0.0198616991609268,-0.014677739963552597,-0.014677739963552625
2022-03-17,0.0212028764828536,0.5021508888883804,0.49784911111161967,0.0,1.0,1.0,0.0212028764828536,0.0212028764828536,0.006525136519301002,0.006525136519300975
2022-03-21,-0.0133277451787556,0.5023868632686871,0.4976131367313129,0.0,1.0,1.0,-0.0133277451787556,-0.0133277451787556,-0.0068026086594545985,-0.006802608659454626
2022-03-22,0.0088917433106371,0.5000113600320617,0.49998863996793835,0.0,1.0,1.0,0.0088917433106371,0.0088917433106371,0.0020891346511825015,0.0020891346511824737
2022-03-23,-0.0017498707741863,0.4987619943335824,0.5012380056664175,1.1102230246251565e-16,1.0,0.9999999999999999,-0.0017498707741863,-0.0017498707741862999,0.0003392638769962014,0.00033926387699617384
2022-03-24,-0.0054035020347482,0.5018129231362813,0.49818707686371866,0.0,1.0,1.0,-0.0054035020347482,-0.0054035020347482,-0.0050642381577519985,-0.005064238157752026
2022-03-25,-0.0026945604589001,0.5063406927636951,0.49365930723630497,0.0,1.0,1.0,-0.0026945604589001,-0.0026945604589001,-0.007758798616652098,-0.007758798616652126
2022-03-28,0.001846668553548,0.5141110867001201,0.48588891329987993,0.0,1.0,1.0,0.001846668553548,0.001846668553548,-0.005912130063104098,-0.005912130063104126
2022-03-29,0.0077468603492171,0.509849076975648,0.4901509230243521,0.0,1.0,1.0,0.0077468603492171,0.0077468603492171,0.001834730286113002,0.0018347302861129742
2022-03-30,0.0110639431811976,0.5045802668520647,0.4954197331479353,0.0,1.0,1.0,0.0110639431811976,0.0110639431811976,0.012898673467310603,0.012898673467310575
2022-03-31,-0.0042370587824839,0.5008294440586973,0.49917055594130266,0.0,1.0,1.0,-0.0042370587824839,-0.0042370587824839,0.008661614684826704,0.008661614684826676
2022-04-01,0.0108409428748121,0.49851035207054367,0.5014896479294564,0.0,1.0,1.0,0.0108409428748121,0.0108409428748121,0.019502557559638804,0.019502557559638777
2022-04-04,0.0151635674136892,0.4955201388788406,0.5044798611211594,0.0,1.0,1.0,0.0151635674136892,0.0151635674136892,0.03466612497332801,0.03466612497332798
2022-04-05,-0.0046933594025744,0.498736299775163,0.5012637002248371,0.0,1.0,1.0,-0.0046933594025744,-0.0046933594025744,0.02997276557075361,0.02997276557075358
2022-04-06,-0.0079843208024984,0.5010476958947031,0.4989523041052969,0.0,1.0,1.0,-0.0079843208024984,-0.0079843208024984,0.02198844476825521,0.02198844476825518
2022-04-07,-0.0064472759135926,0.5012120094497902,0.4987879905502099,0.0,1.0,1.0,-0.0064472759135926,-0.0064472759135926,0.015541168854662609,0.015541168854662581
2022-04-08,0.0122319997710614,0.49995154321359037,0.5000484567864096,0.0,1.0,1.0,0.0122319997710614,0.0122319997710614,0.027773168625724008,0.02777316862572398
2022-04-11,-0.0045706234221755,0.49958533416311696,0.500414665836883,1.1102230246251565e-16,1.0,0.9999999999999999,-0.0045706234221755,-0.004570623422175499,0.02320254520354851,0.02320254520354848
2022-04-12,-0.0089474151402554,0.5016739274845143,0.4983260725154856,5.551115123125783e-17,1.0,1.0,-0.0089474151402554,-0.0089474151402554,0.01425513006329311,0.014255130063293082
2022-04-13,-0.0001570854048462,0.5064068344376562,0.4935931655623437,5.551115123125783e-17,1.0,1.0,-0.0001570854048462,-0.0001570854048462,0.01409804465844691,0.014098044658446883
2022-04-18,-0.0070513247924587,0.5022790184240952,0.49772098157590483,0.0,1.0,1.0,-0.0070513247924587,-0.0070513247924587,0.007046719865988211,0.007046719865988183
2022-04-19,-0.0141097188103445,0.5001902525797808,0.49980974742021916,5.551115123125783e-17,1.0,1.0,-0.0141097188103445,-0.0141097188103445,-0.007062998944356289,-0.007062998944356317
2022-04-20,0.0036344179238077,0.4964204039781353,0.5035795960218646,1.1102230246251565e-16,1.0,0.9999999999999999,0.0036344179238077,0.0036344179238076996,-0.0034285810205485893,-0.0034285810205486175
2022-04-21,0.0142145131629087,0.49902325842478656,0.5009767415752134,0.0,1.0,1.0,0.0142145131629087,0.0142145131629087,0.010785932142360111,0.010785932142360084
2022-04-22,-0.0097750688580731,0.5013468062958216,0.4986531937041784,0.0,1.0,1.0,-0.0097750688580731,-0.0097750688580731,0.0010108632842870113,0.0010108632842869836
2022-04-25,-0.0144840665955438,0.504594978990935,0.495405021009065,0.0,1.0,1.0,-0.0144840665955438,-0.0144840665955438,-0.013473203311256789,-0.013473203311256817
2022-04-26,0.0272870806334824,0.5023055793888829,0.4976944206111172,0.0,1.0,1.0,0.0272870806334824,0.0272870806334824,0.013813877322225611,0.013813877322225583
2022-04-27,-0.021232249149436,0.5058433235342483,0.4941566764657516,5.551115123125783e-17,1.0,1.0,-0.021232249149436,-0.021232249149436,-0.007418371827210389,-0.0074183718272104165
2022-04-28,0.0071122168529554,0.5093929940061075,0.4906070059938925,0.0,1.0,1.0,0.0071122168529554,0.0071122168529554,-0.00030615497425498864,-0.0003061549742550164
2022-04-29,-0.0117529122254349,0.5034724622450727,0.4965275377549273,0.0,1.0,1.0,-0.0117529122254349,-0.0117529122254349,-0.01205906719968989,-0.012059067199689917
2022-05-02,-0.0068339642752362,0.49732228587995564,0.5026777141200444,0.0,1.0,1.0,-0.0068339642752362,-0.0068339642752362,-0.01889303147492609,-0.018893031474926117
2022-05-04,-0.02592762475221,0.49999028345711855,0.5000097165428814,0.0,1.0,1.0,-0.02592762475221,-0.02592762475221,-0.04482065622713609,-0.044820656227136116
2022-05-05,-0.0048547106107851,0.5079327616651167,0.4920672383348833,0.0,1.0,1.0,-0.0048547106107851,-0.0048547106107851,-0.04967536683792119,-0.04967536683792122
2022-05-06,-0.0243782984428409,0.5164465846331319,0.4835534153668681,5.551115123125783e-17,1.0,1.0,-0.0243782984428409,-0.0243782984428409,-0.07405366528076208,-0.07405366528076211
2022-05-09,-0.0013696550093624,0.5911471322832624,0.4088528677167376,0.0,1.0,1.0,-0.0013696550093624,-0.0013696550093624,-0.07542332029012448,-0.07542332029012451
2022-05-10,-0.0034152068933169,0.5911471322832624,0.4088528677167376,0.0,1.0,1.0,-0.0034152068933169,-0.0034152068933169,-0.07883852718344138,-0.0788385271834414
2022-05-11,-0.0049588310649732,0.5980480853910846,0.4019519146089155,0.0,1.0,1.0,-0.0049588310649732,-0.0049588310649732,-0.08379735824841458,-0.08379735824841461
2022-05-12,-0.0246446951406438,0.5454431324112775,0.4545568675887225,0.0,1.0,1.0,-0.0246446951406438,-0.0246446951406438,-0.10844205338905838,-0.10844205338905841
2022-05-13,0.0030416995098019,0.5454431324112775,0.4545568675887225,0.0,1.0,1.0,0.0030416995098019,0.0030416995098019,-0.10540035387925648,-0.1054003538792565
2022-05-16,0.0073933313080916,0.5454431324112775,0.4545568675887225,0.0,1.0,1.0,0.0073933313080916,0.0073933313080916,-0.09800702257116488,-0.0980070225711649
2022-05-17,0.0243694225058924,0.4989976233984617,0.5010023766015383,0.0,1.0,1.0,0.0243694225058924,0.0243694225058924,-0.07363760006527248,-0.07363760006527251
2022-05-18,0.003560642729573,0.4989976233984617,0.5010023766015383,0.0,1.0,1.0,0.003560642729573,0.003560642729573,-0.07007695733569948,-0.0700769573356995
2022-05-19,-0.0277391405171431,0.4989976233984617,0.5010023766015383,0.0,1.0,1.0,-0.0277391405171431,-0.0277391405171431,-0.09781609785284258,-0.0978160978528426
2022-05-20,0.0240058145974869,0.4989976233984617,0.5010023766015383,0.0,1.0,1.0,0.0240058145974869,0.0240058145974869,-0.07381028325535569,-0.07381028325535571
2022-05-23,-0.0107579419462732,0.5098029761538827,0.49019702384611735,0.0,1.0,1.0,-0.0107579419462732,-0.0107579419462732,-0.08456822520162889,-0.08456822520162892
2022-05-24,-0.0088560825687495,0.5380912098673274,0.4619087901326726,0.0,1.0,1.0,-0.0088560825687495,-0.0088560825687495,-0.09342430777037838,-0.09342430777037841
2022-05-25,-0.0042631583627924,0.6013145516139173,0.39868544838608266,0.0,1.0,1.0,-0.0042631583627924,-0.0042631583627924,-0.09768746613317078,-0.09768746613317081
2022-05-26,0.0037751400047855,0.6013145516139173,0.39868544838608266,0.0,1.0,1.0,0.0037751400047855,0.0037751400047855,-0.09391232612838528,-0.0939123261283853
2022-05-27,0.012753282625707,0.6013145516139173,0.39868544838608266,0.0,1.0,1.0,0.012753282625707,0.012753282625707,-0.08115904350267827,-0.0811590435026783
2022-05-30,0.0177161538835014,0.7951206351164606,0.20487936488353936,5.551115123125783e-17,1.0,1.0,0.0177161538835014,0.0177161538835014,-0.06344288961917688,-0.0634428896191769
2022-05-31,-0.0018304559711817,0.7951206351164606,0.20487936488353936,5.551115123125783e-17,1.0,1.0,-0.0018304559711817,-0.0018304559711817,-0.06527334559035858,-0.0652733455903586
2022-06-01,-0.0126422349070346,0.3534335333993644,0.6465664666006357,0.0,1.0,0.0,-0.0126422349070346,-0.0,-0.07791558049739318,-0.0652733455903586
2022-06-02,0.0054760982932893,0.3534335333993644,0.6465664666006357,0.0,1.0,0.0,0.0054760982932893,0.0,-0.07243948220410389,-0.0652733455903586
2022-06-03,-0.0048792517584003,0.3534335333993644,0.6465664666006357,0.0,1.0,0.0,-0.0048792517584003,-0.0,-0.07731873396250419,-0.0652733455903586
2022-06-06,0.0038665861844085,0.3534335333993644,0.6465664666006357,0.0,1.0,0.0,0.0038665861844085,0.0,-0.0734521477780957,-0.0652733455903586
2022-06-07,-0.0135972233584703,0.3534335333993644,0.6465664666006357,0.0,1.0,0.0,-0.0135972233584703,-0.0,-0.087049371136566,-0.0652733455903586
2022-06-08,-0.001203365809016,0.3534335333993644,0.6465664666006357,0.0,1.0,0.0,-0.001203365809016,-0.0,-0.088252736945582,-0.0652733455903586
2022-06-09,0.0062500920480173,0.3534335333993644,0.6465664666006357,0.0,1.0,0.0,0.0062500920480173,0.0,-0.0820026448975647,-0.0652733455903586
2022-06-10,-0.0152875180207246,0.3534335333993644,0.6465664666006357,0.0,1.0,0.0,-0.0152875180207246,-0.0,-0.0972901629182893,-0.0652733455903586
2022-06-13,-0.0262200045490669,0.3534335333993644,0.6465664666006357,0.0,1.0,0.0,-0.0262200045490669,-0.0,-0.12351016746735621,-0.0652733455903586
2022-06-14,-0.0055799232477341,0.3534335333993644,0.6465664666006357,0.0,1.0,0.0,-0.0055799232477341,-0.0,-0.1290900907150903,-0.0652733455903586
2022-06-15,0.0051571116101834,0.3534335333993644,0.6465664666006357,0.0,1.0,0.0,0.0051571116101834,0.0,-0.12393297910490692,-0.0652733455903586
2022-06-16,-0.0202829150653183,0.3534335333993644,0.6465664666006357,0.0,1.0,0.0,-0.0202829150653183,-0.0,-0.1442158941702252,-0.0652733455903586
2022-06-17,-0.0066433652380092,0.3534335333993644,0.6465664666006357,0.0,1.0,0.0,-0.0066433652380092,-0.0,-0.15085925940823441,-0.0652733455903586
2022-06-20,0.0035870406214617,0.3534335333993644,0.6465664666006357,0.0,1.0,0.0,0.0035870406214617,0.0,-0.1472722187867727,-0.0652733455903586
2022-06-21,0.0181480210458176,0.3534335333993644,0.6465664666006357,0.0,1.0,0.0,0.0181480210458176,0.0,-0.12912419774095513,-0.0652733455903586
2022-06-22,-0.0159853601104873,0.3534335333993644,0.6465664666006357,0.0,1.0,0.0,-0.0159853601104873,-0.0,-0.14510955785144242,-0.0652733455903586
2022-06-23,0.009754155636813,0.4777264175608412,0.5222735824391588,0.0,1.0,1.0,0.009754155636813,0.009754155636813,-0.1353554022146294,-0.05551918995354561
2022-06-24,0.0114109616268563,0.4880203333576787,0.5119796666423214,0.0,1.0,1.0,0.0114109616268563,0.0114109616268563,-0.12394444058777311,-0.04410822832668931
2022-06-27,0.0049862311123978,0.4950801799950244,0.5049198200049756,0.0,1.0,1.0,0.0049862311123978,0.0049862311123978,-0.1189582094753753,-0.03912199721429151
2022-06-28,-0.0060184895192299,0.49681756269421656,0.5031824373057834,0.0,1.0,1.0,-0.0060184895192299,-0.0060184895192299,-0.1249766989946052,-0.045140486733521404
2022-06-29,-0.0084854107983206,0.4990293806634581,0.500970619336542,0.0,1.0,1.0,-0.0084854107983206,-0.0084854107983206,-0.1334621097929258,-0.05362589753184201
2022-06-30,-0.0051641094472553,0.5002696259730441,0.4997303740269559,0.0,1.0,1.0,-0.0051641094472553,-0.0051641094472553,-0.1386262192401811,-0.05879000697909731
2022-07-01,0.0074462010545202,0.5025757151876863,0.4974242848123137,0.0,1.0,1.0,0.0074462010545202,0.0074462010545202,-0.13118001818566088,-0.05134380592457711
2022-07-04,0.0097935314196655,0.509456161828362,0.4905438381716381,0.0,1.0,1.0,0.0097935314196655,0.0097935314196655,-0.12138648676599538,-0.04155027450491161
2022-07-05,-0.0022072393400871,0.5193430533979204,0.4806569466020796,0.0,1.0,1.0,-0.0022072393400871,-0.0022072393400871,-0.12359372610608248,-0.04375751384499871
2022-07-06,0.0235584275737335,0.508047541448458,0.4919524585515419,1.1102230246251565e-16,1.0,0.9999999999999999,0.0235584275737335,0.023558427573733498,-0.10003529853234898,-0.02019908627126521
2022-07-07,0.0061470096649997,0.5015896775849027,0.49841032241509736,0.0,1.0,1.0,0.0061470096649997,0.0061470096649997,-0.09388828886734928,-0.01405207660626551
2022-07-08,0.00398262988599,0.49254814308074374,0.5074518569192562,1.1102230246251565e-16,1.0,0.9999999999999999,0.00398262988599,0.003982629885989999,-0.08990565898135927,-0.010069446720275512
2022-07-11,0.0025099013411067,0.4988466006185151,0.5011533993814848,1.1102230246251565e-16,1.0,0.9999999999999999,0.0025099013411067,0.0025099013411066995,-0.08739575764025258,-0.007559545379168813
2022-07-12,-0.0083129036857456,0.4998733846520719,0.5001266153479281,0.0,1.0,1.0,-0.0083129036857456,-0.0083129036857456,-0.09570866132599817,-0.01587244906491441
2022-07-13,0.0002583674413829,0.5000809276330254,0.49991907236697464,0.0,1.0,1.0,0.0002583674413829,0.0002583674413829,-0.09545029388461528,-0.015614081623531511
2022-07-14,-0.0009138634775776,0.5036597156938986,0.49634028430610144,0.0,1.0,1.0,-0.0009138634775776,-0.0009138634775776,-0.09636415736219288,-0.016527945101109113
2022-07-15,0.010404431475297,0.5078623631359406,0.49213763686405954,0.0,1.0,1.0,0.010404431475297,0.010404431475297,-0.08595972588689588,-0.006123513625812113
2022-07-18,0.0144199007668902,0.5035040365495406,0.4964959634504593,1.1102230246251565e-16,1.0,0.9999999999999999,0.0144199007668902,0.014419900766890198,-0.07153982512000567,0.008296387141078086
2022-07-19,0.0025113160373484,0.500534311016831,0.4994656889831689,1.1102230246251565e-16,1.0,0.9999999999999999,0.0025113160373484,0.0025113160373483995,-0.06902850908265727,0.010807703178426485
2022-07-20,0.006204649349138,0.5025014770577839,0.4974985229422161,0.0,1.0,1.0,0.006204649349138,0.006204649349138,-0.06282385973351927,0.017012352527564487
2022-07-21,0.0132881302127402,0.5000112543765087,0.4999887456234912,5.551115123125783e-17,1.0,1.0,0.0132881302127402,0.0132881302127402,-0.04953572952077907,0.030300482740304686
2022-07-22,0.0029151916416493,0.4985248441291008,0.5014751558708992,0.0,1.0,1.0,0.0029151916416493,0.0029151916416493,-0.04662053787912977,0.03321567438195398
2022-07-25,-0.0051279506533264,0.49473921874591825,0.5052607812540817,0.0,1.0,1.0,-0.0051279506533264,-0.0051279506533264,-0.05174848853245617,0.028087723728627584
2022-07-26,-0.0095028890729088,0.49200743933775115,0.5079925606622488,0.0,1.0,1.0,-0.0095028890729088,-0.0095028890729088,-0.06125137760536497,0.018584834655718786
2022-07-27,0.0096294501922421,0.49093880842832477,0.5090611915716753,0.0,1.0,1.0,0.0096294501922421,0.0096294501922421,-0.05162192741312287,0.028214284847960888
2022-07-28,0.0332876956109299,0.4846365368919979,0.5153634631080021,0.0,1.0,1.0,0.0332876956109299,0.0332876956109299,-0.018334231802192964,0.06150198045889079
2022-07-29,0.0147357264091488,0.4853610365808002,0.5146389634191998,0.0,1.0,1.0,0.0147357264091488,0.0147357264091488,-0.003598505393044165,0.07623770686803959
2022-08-01,0.0073947936574257,0.48675040124367197,0.513249598756328,0.0,1.0,1.0,0.0073947936574257,0.0073947936574257,0.003796288264381535,0.08363250052546528
2022-08-02,0.0020467153654781,0.48295387403383944,0.5170461259661606,0.0,1.0,1.0,0.0020467153654781,0.0020467153654781,0.005843003629859635,0.08567921589094338
2022-08-03,-0.0008977918586241,0.47209537456593476,0.5279046254340652,0.0,1.0,1.0,-0.0008977918586241,-0.0008977918586241,0.004945211771235535,0.08478142403231928
2022-08-04,0.0014068533661175,0.49814142391446736,0.5018585760855326,0.0,1.0,1.0,0.0014068533661175,0.0014068533661175,0.006352065137353036,0.08618827739843678
2022-08-05,-0.003241367454328,0.5001148449339865,0.49988515506601344,5.551115123125783e-17,1.0,1.0,-0.003241367454328,-0.003241367454328,0.0031106976830250358,0.08294690994410878
2022-08-08,0.004556352262248,0.5293047424662713,0.47069525753372865,0.0,1.0,1.0,0.004556352262248,0.004556352262248,0.007667049945273036,0.08750326220635678
2022-08-10,-0.0036526022215092,0.5293047424662713,0.47069525753372865,0.0,1.0,1.0,-0.0036526022215092,-0.0036526022215092,0.004014447723763836,0.08385065998484757
2022-08-11,0.0074477137356887,0.4969167936568806,0.5030832063431194,0.0,1.0,1.0,0.0074477137356887,0.0074477137356887,0.011462161459452537,0.09129837372053627
2022-08-12,-0.0041856616685414,0.4902465037562238,0.5097534962437761,1.1102230246251565e-16,1.0,0.9999999999999999,-0.0041856616685414,-0.0041856616685413996,0.007276499790911137,0.08711271205199488
2022-08-16,0.0064452178413096,0.49011033027188006,0.50988966972812,0.0,1.0,1.0,0.0064452178413096,0.0064452178413096,0.013721717632220735,0.09355792989330447
2022-08-17,0.011121902205465,0.5023874953441512,0.4976125046558487,1.1102230246251565e-16,1.0,0.9999999999999999,0.011121902205465,0.011121902205464999,0.024843619837685738,0.10467983209876947
2022-08-18,-8.666955559645299e-05,0.4990012984261872,0.5009987015738129,0.0,1.0,1.0,-8.666955559645299e-05,-8.666955559645299e-05,0.024756950282089286,0.10459316254317301
2022-08-19,-0.0136842497667088,0.5000500274406944,0.4999499725593056,0.0,1.0,1.0,-0.0136842497667088,-0.0136842497667088,0.011072700515380486,0.0909089127764642
2022-08-22,-0.016375800198568,0.5009577557109968,0.4990422442890033,0.0,1.0,1.0,-0.016375800198568,-0.016375800198568,-0.005303099683187516,0.0745331125778962
2022-08-23,0.0073337735004879,0.5009577557109968,0.4990422442890033,0.0,1.0,1.0,0.0073337735004879,0.0073337735004879,0.0020306738173003847,0.0818668860783841
2022-08-24,-0.0015631809865187,0.48542584680790724,0.5145741531920929,0.0,1.0,1.0,-0.0015631809865187,-0.0015631809865187,0.0004674928307816847,0.08030370509186541
2022-08-25,-0.0043229609248844,0.4994234242587258,0.5005765757412741,0.0,1.0,1.0,-0.0043229609248844,-0.0043229609248844,-0.003855468094102715,0.075980744166981
2022-08-26,0.004860389456763,0.4994234242587258,0.5005765757412741,0.0,1.0,1.0,0.004860389456763,0.004860389456763,0.0010049213626602852,0.080841133623744
2022-08-29,-0.0086273796415078,0.49963522886990963,0.5003647711300903,1.1102230246251565e-16,1.0,0.9999999999999999,-0.0086273796415078,-0.008627379641507798,-0.007622458278847514,0.0722137539822362
2022-08-30,0.0265354244374689,0.4980270620814801,0.5019729379185198,0.0,1.0,1.0,0.0265354244374689,0.0265354244374689,0.018912966158621387,0.0987491784197051
2022-09-01,-0.0079663593073757,0.4935443053405614,0.5064556946594386,0.0,1.0,1.0,-0.0079663593073757,-0.0079663593073757,0.010946606851245686,0.0907828191123294
2022-09-02,-0.0027273725846721,0.4935443053405614,0.5064556946594386,0.0,1.0,1.0,-0.0027273725846721,-0.0027273725846721,0.008219234266573587,0.0880554465276573
2022-09-05,0.0004093353510722,0.4784106172634265,0.5215893827365735,0.0,1.0,1.0,0.0004093353510722,0.0004093353510722,0.008628569617645786,0.0884647818787295
2022-09-06,-0.0059269139712023,0.4782528890230581,0.5217471109769419,0.0,1.0,1.0,-0.0059269139712023,-0.0059269139712023,0.0027016556464434863,0.0825378679075272
2022-09-07,0.001446998403,0.480017360079648,0.519982639920352,0.0,1.0,1.0,0.001446998403,0.001446998403,0.0041486540494434865,0.08398486631052719
2022-09-08,0.0047241734035932,0.4749984848811555,0.5250015151188445,0.0,1.0,1.0,0.0047241734035932,0.0047241734035932,0.008872827453036686,0.08870903971412039
2022-09-09,-0.0011923826395677,0.4749984848811555,0.5250015151188445,0.0,1.0,1.0,-0.0011923826395677,-0.0011923826395677,0.007680444813468986,0.0875166570745527
2022-09-12,0.0106597000051292,0.4917588342699011,0.5082411657300989,0.0,1.0,1.0,0.0106597000051292,0.0106597000051292,0.018340144818598185,0.09817635707968189
2022-09-13,0.0119317469200956,0.49161380709861563,0.5083861929013843,1.1102230246251565e-16,1.0,0.9999999999999999,0.0119317469200956,0.011931746920095599,0.030271891738693785,0.1101081039997775
2022-09-14,0.0008459213933924,0.4907862078654552,0.5092137921345449,0.0,1.0,1.0,0.0008459213933924,0.0008459213933924,0.031117813132086187,0.1109540253931699
2022-09-15,-0.0128480786366342,0.4907862078654552,0.5092137921345449,0.0,1.0,1.0,-0.0128480786366342,-0.0128480786366342,0.018269734495451988,0.0981059467565357
2022-09-16,-0.0186970436848184,0.5092213046693804,0.4907786953306196,0.0,1.0,1.0,-0.0186970436848184,-0.0186970436848184,-0.00042730918936641216,0.0794089030717173
2022-09-19,0.0101473764944014,0.5072682624932803,0.4927317375067198,0.0,1.0,1.0,0.0101473764944014,0.0101473764944014,0.009720067305034987,0.0895562795661187
2022-09-20,0.0131437693033447,0.5072682624932803,0.4927317375067198,0.0,1.0,1.0,0.0131437693033447,0.0131437693033447,0.022863836608379685,0.10270004886946339
2022-09-21,-0.0019313726954718,0.5072682624932803,0.4927317375067198,0.0,1.0,1.0,-0.0019313726954718,-0.0019313726954718,0.020932463912907887,0.10076867617399159
2022-09-22,0.0006952986310008,0.5047168030418514,0.4952831969581486,0.0,1.0,1.0,0.0006952986310008,0.0006952986310008,0.021627762543908687,0.10146397480499239
2022-09-23,-0.0160778446152467,0.49353544944083083,0.5064645505591692,0.0,1.0,1.0,-0.0160778446152467,-0.0160778446152467,0.0055499179286619856,0.0853861301897457
2022-09-26,-0.0189167743934702,0.5461749796848915,0.4538250203151086,0.0,1.0,1.0,-0.0189167743934702,-0.0189167743934702,-0.013366856464808216,0.0664693557962755
2022-09-27,-0.0020314898194826,0.5250100120155561,0.47498998798444386,5.551115123125783e-17,1.0,1.0,-0.0020314898194826,-0.0020314898194826,-0.015398346284290817,0.0644378659767929
2022-09-28,-0.0064022159505624,0.5274417286414755,0.4725582713585245,0.0,1.0,1.0,-0.0064022159505624,-0.0064022159505624,-0.021800562234853216,0.05803565002623049
2022-09-29,-0.0071284548757333,0.5307744905526113,0.4692255094473887,0.0,1.0,1.0,-0.0071284548757333,-0.0071284548757333,-0.028929017110586517,0.05090719515049719
2022-09-30,0.0183117025154985,0.5162857926236342,0.4837142073763658,5.551115123125783e-17,1.0,1.0,0.0183117025154985,0.0183117025154985,-0.010617314595088016,0.06921889766599569
2022-10-03,-0.0141478417756726,0.5059125919346439,0.49408740806535617,0.0,1.0,1.0,-0.0141478417756726,-0.0141478417756726,-0.024765156370760617,0.05507105589032309
2022-10-04,0.0252141801822002,0.49870267114352335,0.5012973288564767,0.0,1.0,1.0,0.0252141801822002,0.0252141801822002,0.000449023811439582,0.08028523607252329
2022-10-06,-0.0035966236815947,0.47312260113956894,0.5268773988604311,0.0,1.0,1.0,-0.0035966236815947,-0.0035966236815947,-0.003147599870155118,0.07668861239092858
2022-10-07,0.0022135809917359,0.4662424458425127,0.5337575541574874,0.0,1.0,1.0,0.0022135809917359,0.0022135809917359,-0.000934018878419218,0.07890219338266448
2022-10-10,-0.006375260002727,0.47739558917358693,0.5226044108264131,0.0,1.0,1.0,-0.006375260002727,-0.006375260002727,-0.007309278881146217,0.07252693337993749
2022-10-11,-0.0214098934445911,0.5175695633403196,0.4824304366596805,0.0,1.0,1.0,-0.0214098934445911,-0.0214098934445911,-0.028719172325737317,0.05111703993534639
2022-10-12,0.0092784791288135,0.5175695633403196,0.4824304366596805,0.0,1.0,1.0,0.0092784791288135,0.0092784791288135,-0.019440693196923816,0.06039551906415989
2022-10-13,-0.0067275786699038,0.6243297404702167,0.3756702595297833,0.0,1.0,1.0,-0.0067275786699038,-0.0067275786699038,-0.026168271866827617,0.05366794039425609
2022-10-14,0.0083151349346962,0.5121653944250691,0.4878346055749309,0.0,1.0,1.0,0.0083151349346962,0.0083151349346962,-0.017853136932131416,0.061983075328952295
2022-10-17,0.0080529623318899,0.5010660571330474,0.4989339428669526,0.0,1.0,1.0,0.0080529623318899,0.0080529623318899,-0.009800174600241516,0.0700360376608422
2022-10-18,0.0058205349742476,0.33414337186404236,0.6658566281359576,1.1102230246251565e-16,1.0,0.0,0.0058205349742476,0.0,-0.0039796396259939165,0.0700360376608422
2022-10-19,0.0019773239137705,0.33414337186404236,0.6658566281359576,1.1102230246251565e-16,1.0,0.0,0.0019773239137705,0.0,-0.0020023157122234167,0.0700360376608422
2022-10-20,0.0050864797103143,0.33414337186404236,0.6658566281359576,1.1102230246251565e-16,1.0,0.0,0.0050864797103143,0.0,0.0030841639980908834,0.0700360376608422
2022-10-21,-0.0102234446679512,0.33414337186404236,0.6658566281359576,1.1102230246251565e-16,1.0,0.0,-0.0102234446679512,-0.0,-0.007139280669860316,0.0700360376608422
2022-10-24,0.0060511770914229,0.4979988496592928,0.5020011503407072,0.0,1.0,1.0,0.0060511770914229,0.0060511770914229,-0.001088103578437416,0.0760872147522651
2022-10-25,-0.0117479343854145,0.4984435289275964,0.5015564710724036,0.0,1.0,1.0,-0.0117479343854145,-0.0117479343854145,-0.012836037963851916,0.0643392803668506
2022-10-27,-0.0003064177846199,0.49586448065343797,0.504135519346562,0.0,1.0,1.0,-0.0003064177846199,-0.0003064177846199,-0.013142455748471817,0.0640328625822307
2022-10-28,0.0043535362566528,0.4963130342136845,0.5036869657863156,0.0,1.0,1.0,0.0043535362566528,0.0043535362566528,-0.008788919491819017,0.0683863988388835
2022-10-31,0.0110772098228347,0.4966069618165181,0.5033930381834819,0.0,1.0,1.0,0.0110772098228347,0.0110772098228347,0.0022882903310156837,0.0794636086617182
2022-11-01,0.0126719813827688,0.4950158842737202,0.5049841157262799,0.0,1.0,1.0,0.0126719813827688,0.0126719813827688,0.014960271713784484,0.092135590044487
2022-11-02,-0.0056307594706268,0.497221946587983,0.502778053412017,0.0,1.0,1.0,-0.0056307594706268,-0.0056307594706268,0.009329512243157683,0.0865048305738602
2022-11-03,0.0015732973621347,0.49616433631265466,0.5038356636873453,0.0,1.0,1.0,0.0015732973621347,0.0015732973621347,0.010902809605292383,0.0880781279359949
2022-11-04,0.0070566364168556,0.4962113565403774,0.5037886434596226,0.0,1.0,1.0,0.0070566364168556,0.0070566364168556,0.017959446022147982,0.0951347643528505
2022-11-07,-0.0008584455844157,0.4955812795633961,0.5044187204366039,1.1102230246251565e-16,1.0,0.9999999999999999,-0.0008584455844157,-0.0008584455844156999,0.017101000437732283,0.0942763187684348
2022-11-09,-0.0047633971580598,0.506697474221519,0.49330252577848105,0.0,1.0,1.0,-0.0047633971580598,-0.0047633971580598,0.012337603279672482,0.089512921610375
2022-11-10,-0.011726642966297,0.5087004037803305,0.4912995962196695,0.0,1.0,1.0,-0.011726642966297,-0.011726642966297,0.0006109603133754825,0.077786278644078
2022-11-11,0.0090355517821077,0.5156578985613532,0.4843421014386467,5.551115123125783e-17,1.0,1.0,0.0090355517821077,0.0090355517821077,0.009646512095483183,0.0868218304261857
2022-11-14,7.622412453108464e-05,0.5043103142157391,0.49568968578426087,0.0,1.0,1.0,7.622412453108464e-05,7.622412453108464e-05,0.009722736220014268,0.08689805455071678
2022-11-15,0.0042140632103252,0.5027982045837764,0.4972017954162235,5.551115123125783e-17,1.0,1.0,0.0042140632103252,0.0042140632103252,0.013936799430339469,0.09111211776104199
2022-11-16,-0.0058789551084133,0.48936279567232427,0.5106372043276757,0.0,1.0,1.0,-0.0058789551084133,-0.0058789551084133,0.008057844321926168,0.08523316265262869
2022-11-17,-0.0043559951889257,0.5033290017000123,0.4966709982999878,0.0,1.0,1.0,-0.0043559951889257,-0.0043559951889257,0.0037018491330004675,0.08087716746370299
2022-11-18,-0.0068629987220584,0.49932912060018125,0.5006708793998188,0.0,1.0,1.0,-0.0068629987220584,-0.0068629987220584,-0.003161149589057933,0.0740141687416446
2022-11-21,-0.008250738594254,0.4993687079412361,0.500631292058764,0.0,1.0,1.0,-0.008250738594254,-0.008250738594254,-0.011411888183311934,0.0657634301473906
2022-11-22,0.0057878247110308,0.4990996183475915,0.5009003816524085,0.0,1.0,1.0,0.0057878247110308,0.0057878247110308,-0.005624063472281134,0.0715512548584214
2022-11-23,0.0022326074169984,0.4991554593713391,0.5008445406286609,0.0,1.0,1.0,0.0022326074169984,0.0022326074169984,-0.003391456055282734,0.0737838622754198
2022-11-24,0.0061174946037942,0.4908653231008234,0.5091346768991766,0.0,1.0,1.0,0.0061174946037942,0.0061174946037942,0.002726038548511466,0.079901356879214
2022-11-25,0.001568913763662,0.4978230983820955,0.5021769016179045,0.0,1.0,1.0,0.001568913763662,0.001568913763662,0.004294952312173466,0.081470270642876
2022-11-28,0.0065410703519398,0.5001793523233592,0.49982064767664086,0.0,1.0,1.0,0.0065410703519398,0.0065410703519398,0.010836022664113265,0.0880113409948158
2022-11-29,0.0001081892609736,0.5002615229351608,0.4997384770648392,0.0,1.0,1.0,0.0001081892609736,0.0001081892609736,0.010944211925086865,0.0881195302557894
2022-11-30,0.0088676252683988,0.5003549949119623,0.4996450050880377,0.0,1.0,1.0,0.0088676252683988,0.0088676252683988,0.019811837193485664,0.09698715552418821
2022-12-01,0.0020035537554225,0.49971913964657305,0.5002808603534269,1.1102230246251565e-16,1.0,0.9999999999999999,0.0020035537554225,0.0020035537554224997,0.021815390948908164,0.0989907092796107
2022-12-02,-0.0049985039999243,0.4989754653534565,0.5010245346465435,0.0,1.0,1.0,-0.0049985039999243,-0.0049985039999243,0.016816886948983863,0.09399220527968641
2022-12-05,-0.0007464786550948,0.4982877512314037,0.5017122487685963,0.0,1.0,1.0,-0.0007464786550948,-0.0007464786550948,0.016070408293889064,0.0932457266245916
2022-12-06,0.0003175176576704,0.4966398660747134,0.5033601339252867,0.0,1.0,1.0,0.0003175176576704,0.0003175176576704,0.016387925951559464,0.093563244282262
2022-12-07,-0.0100755740093701,0.49384969684823427,0.5061503031517657,1.1102230246251565e-16,1.0,0.9999999999999999,-0.0100755740093701,-0.010075574009370099,0.006312351942189364,0.08348767027289189
2022-12-08,-0.0010632628739647,0.4990982309471653,0.5009017690528347,0.0,1.0,1.0,-0.0010632628739647,-0.0010632628739647,0.005249089068224664,0.08242440739892719
2022-12-09,-0.0045612079782839,0.4990982309471653,0.5009017690528347,0.0,1.0,1.0,-0.0045612079782839,-0.0045612079782839,0.0006878810899407636,0.07786319942064329
2022-12-12,-0.0002172826209945,0.5000301794445148,0.4999698205554852,0.0,1.0,1.0,-0.0002172826209945,-0.0002172826209945,0.00047059846894626357,0.07764591679964879
2022-12-13,0.0074439099628414,0.5000301794445148,0.4999698205554852,0.0,1.0,1.0,0.0074439099628414,0.0074439099628414,0.007914508431787664,0.08508982676249019
2022-12-14,0.0046071449099853,0.5000301794445148,0.4999698205554852,0.0,1.0,1.0,0.0046071449099853,0.0046071449099853,0.012521653341772965,0.08969697167247549
2022-12-15,-0.0084297377871407,0.503172562060326,0.496827437939674,0.0,1.0,1.0,-0.0084297377871407,-0.0084297377871407,0.004091915554632265,0.0812672338853348
2022-12-16,-0.009419994162594,0.5067097960256111,0.493290203974389,0.0,1.0,1.0,-0.009419994162594,-0.009419994162594,-0.005328078607961735,0.0718472397227408
2022-12-19,0.0121072756946331,0.5038307495581417,0.4961692504418583,5.551115123125783e-17,1.0,1.0,0.0121072756946331,0.0121072756946331,0.006779197086671365,0.0839545154173739
2022-12-20,-0.0041083773786294,0.4977681301514482,0.5022318698485518,0.0,1.0,1.0,-0.0041083773786294,-0.0041083773786294,0.002670819708041965,0.0798461380387445
2022-12-21,-0.0068443251314103,0.49848554070821965,0.5015144592917803,1.1102230246251565e-16,1.0,0.9999999999999999,-0.0068443251314103,-0.006844325131410299,-0.004173505423368335,0.07300181290733421
2022-12-22,-0.0047039449226422,0.4999910460581288,0.5000089539418712,1.1102230246251565e-16,1.0,0.9999999999999999,-0.0047039449226422,-0.0047039449226421995,-0.008877450346010535,0.068297867984692
2022-12-23,-0.0172035085534496,0.49970352048553557,0.5002964795144644,0.0,1.0,1.0,-0.0172035085534496,-0.0172035085534496,-0.026080958899460136,0.05109435943124241
2022-12-26,0.0072582598349421,0.49411091266806334,0.5058890873319367,0.0,1.0,1.0,0.0072582598349421,0.0072582598349421,-0.018822699064518035,0.058352619266184506
2022-12-27,0.007494135804195,0.4999361634618003,0.5000638365381997,0.0,1.0,1.0,0.007494135804195,0.007494135804195,-0.011328563260323034,0.0658467550703795
2022-12-28,0.0004983520640869,0.4958811753155342,0.5041188246844658,0.0,1.0,1.0,0.0004983520640869,0.0004983520640869,-0.010830211196236134,0.0663451071344664
2022-12-29,-0.0004765135339494,0.4928423742252883,0.5071576257747117,0.0,1.0,1.0,-0.0004765135339494,-0.0004765135339494,-0.011306724730185534,0.065868593600517
2022-12-30,0.0023311800500601,0.4874559126704032,0.5125440873295967,1.1102230246251565e-16,1.0,0.9999999999999999,0.0023311800500601,0.0023311800500600997,-0.008975544680125434,0.0681997736505771
2023-01-02,-0.0017837101137805,0.4949694286810823,0.5050305713189177,0.0,1.0,1.0,-0.0017837101137805,-0.0017837101137805,-0.010759254793905933,0.06641606353679659
2023-01-03,0.0046489435723474,0.4946133493870431,0.505386650612957,0.0,1.0,1.0,0.0046489435723474,0.0046489435723474,-0.006110311221558533,0.07106500710914398
2023-01-04,-0.0072962266320167,0.4975105540525201,0.5024894459474799,0.0,1.0,1.0,-0.0072962266320167,-0.0072962266320167,-0.013406537853575233,0.06376878047712728
2023-01-05,-0.0113323163190844,0.4949599965286855,0.5050400034713145,0.0,1.0,1.0,-0.0113323163190844,-0.0113323163190844,-0.024738854172659634,0.05243646415804288
2023-01-06,-0.0067801656547501,0.49659391321229535,0.5034060867877046,0.0,1.0,1.0,-0.0067801656547501,-0.0067801656547501,-0.03151901982740973,0.04565629850329278
2023-01-09,0.0057401545639783,0.4955100534098723,0.5044899465901277,0.0,1.0,1.0,0.0057401545639783,0.0057401545639783,-0.025778865263431434,0.05139645306727108
2023-01-10,-0.0079680850745374,0.4939579512921028,0.5060420487078972,0.0,1.0,1.0,-0.0079680850745374,-0.0079680850745374,-0.03374695033796883,0.04342836799273368
2023-01-11,-0.0062288103014585,0.49511296126675725,0.5048870387332428,0.0,1.0,1.0,-0.0062288103014585,-0.0062288103014585,-0.03997576063942733,0.037199557691275184
2023-01-12,-0.0041163112959017,0.4899242894922214,0.5100757105077787,0.0,1.0,1.0,-0.0041163112959017,-0.0041163112959017,-0.04409207193532903,0.03308324639537348
2023-01-13,0.0064423001198851,0.4906119390168452,0.5093880609831549,0.0,1.0,1.0,0.0064423001198851,0.0064423001198851,-0.03764977181544393,0.03952554651525858
2023-01-16,-0.0024440292984574,0.49223016860788543,0.5077698313921146,0.0,1.0,1.0,-0.0024440292984574,-0.0024440292984574,-0.04009380111390133,0.03708151721680118
2023-01-17,0.0037849306260245,0.49390528978069315,0.5060947102193069,0.0,1.0,1.0,0.0037849306260245,0.0037849306260245,-0.03630887048787683,0.040866447842825684
2023-01-18,0.0046435316013721,0.494962094143031,0.505037905856969,0.0,1.0,1.0,0.0046435316013721,0.0046435316013721,-0.03166533888650473,0.04550997944419778
2023-01-19,-0.0043103270077146,0.4977575127751532,0.5022424872248469,0.0,1.0,1.0,-0.0043103270077146,-0.0043103270077146,-0.035975665894219334,0.04119965243648318
2023-01-20,-0.0103881371648959,0.49341632381233064,0.5065836761876694,0.0,1.0,1.0,-0.0103881371648959,-0.0103881371648959,-0.046363803059115236,0.030811515271587278
2023-01-23,0.0051027311152403,0.4971171665276369,0.5028828334723632,0.0,1.0,1.0,0.0051027311152403,0.0051027311152403,-0.04126107194387493,0.03591424638682758
2023-01-24,0.00101404174255,0.4958795911390574,0.5041204088609426,0.0,1.0,1.0,0.00101404174255,0.00101404174255,-0.04024703020132493,0.03692828812937758
2023-01-25,-0.0098292985330949,0.496475057357042,0.503524942642958,0.0,1.0,1.0,-0.0098292985330949,-0.0098292985330949,-0.050076328734419834,0.02709898959628268
2023-01-27,-0.0037007004143583,0.49773477148891354,0.5022652285110865,0.0,1.0,1.0,-0.0037007004143583,-0.0037007004143583,-0.05377702914877813,0.02339828918192438
2023-01-30,0.0059638613964151,0.49205698990153657,0.5079430100984634,0.0,1.0,1.0,0.0059638613964151,0.0059638613964151,-0.04781316775236303,0.02936215057833948
2023-01-31,-0.0075995538959555,0.49278163551729587,0.5072183644827041,1.1102230246251565e-16,1.0,0.9999999999999999,-0.0075995538959555,-0.007599553895955499,-0.05541272164831853,0.02176259668238398
2023-02-01,-0.0113463206554088,0.4937901873635929,0.5062098126364072,0.0,1.0,1.0,-0.0113463206554088,-0.0113463206554088,-0.06675904230372733,0.010416276026975181
2023-02-02,-0.0023108562000888,0.49469204347573076,0.5053079565242693,0.0,1.0,1.0,-0.0023108562000888,-0.0023108562000888,-0.06906989850381613,0.008105419826886381
2023-02-03,0.0130590048915305,0.49527377655319027,0.5047262234468098,0.0,1.0,1.0,0.0130590048915305,0.0130590048915305,-0.05601089361228563,0.021164424718416883
2023-02-06,-0.0015406617123618,0.494671326086679,0.5053286739133209,0.0,1.0,1.0,-0.0015406617123618,-0.0015406617123618,-0.05755155532464743,0.019623763006055082
2023-02-07,0.0009521010811041,0.4946546586926008,0.5053453413073992,0.0,1.0,1.0,0.0009521010811041,0.0009521010811041,-0.05659945424354333,0.020575864087159182
2023-02-08,0.0132056477682591,0.4904277013699505,0.5095722986300496,0.0,1.0,1.0,0.0132056477682591,0.0132056477682591,-0.043393806475284236,0.03378151185541828
2023-02-09,0.0062991128037542,0.4902104879010836,0.5097895120989163,1.1102230246251565e-16,1.0,0.9999999999999999,0.0062991128037542,0.006299112803754199,-0.03709469367153004,0.040080624659172476
2023-02-10,-0.00185005224557,0.48913129162565905,0.510868708374341,0.0,1.0,1.0,-0.00185005224557,-0.00185005224557,-0.03894474591710004,0.038230572413602476
2023-02-13,-0.0055679444087408,0.49160287427296917,0.5083971257270309,0.0,1.0,1.0,-0.0055679444087408,-0.0055679444087408,-0.044512690325840834,0.03266262800486168
2023-02-14,0.0077542538616963,0.49233137888915746,0.5076686211108425,0.0,1.0,1.0,0.0077542538616963,0.0077542538616963,-0.036758436464144534,0.04041688186655798
2023-02-15,0.0062812491253378,0.4941643269185911,0.505835673081409,0.0,1.0,1.0,0.0062812491253378,0.0062812491253378,-0.030477187338806735,0.04669813099189578
2023-02-16,-0.0001670799341311,0.49424962539889716,0.5057503746011028,0.0,1.0,1.0,-0.0001670799341311,-0.0001670799341311,-0.030644267272937835,0.04653105105776468
2023-02-17,-0.0081123622935674,0.49410549877884324,0.5058945012211568,0.0,1.0,1.0,-0.0081123622935674,-0.0081123622935674,-0.03875662956650523,0.03841868876419728
2023-02-20,-0.00413528345154,0.4917677366956443,0.5082322633043557,0.0,1.0,1.0,-0.00413528345154,-0.00413528345154,-0.042891913018045236,0.03428340531265728
2023-02-21,-0.0010802107612901,0.4905407161605765,0.5094592838394236,0.0,1.0,1.0,-0.0010802107612901,-0.0010802107612901,-0.043972123779335334,0.03320319455136718
2023-02-22,-0.0139971710654973,0.4898327031594737,0.5101672968405263,0.0,1.0,1.0,-0.0139971710654973,-0.0139971710654973,-0.05796929484483263,0.01920602348586988
2023-02-23,-0.0047230134490989,0.49022514129206046,0.5097748587079396,0.0,1.0,1.0,-0.0047230134490989,-0.0047230134490989,-0.06269230829393153,0.014483010036770981
2023-02-24,0.0016031327206631,0.49080235455124005,0.5091976454487599,0.0,1.0,1.0,0.0016031327206631,0.0016031327206631,-0.061089175573268435,0.016086142757434082
2023-02-27,-0.0117467072199634,0.48562167142631024,0.5143783285736898,0.0,1.0,1.0,-0.0117467072199634,-0.0117467072199634,-0.07283588279323183,0.004339435537470682
2023-02-28,-0.0042337139769233,0.4850939082219774,0.5149060917780226,0.0,1.0,1.0,-0.0042337139769233,-0.0042337139769233,-0.07706959677015514,0.00010572156054738154
2023-03-01,0.0057212098741037,0.48740709226915757,0.5125929077308424,0.0,1.0,1.0,0.0057212098741037,0.0057212098741037,-0.07134838689605144,0.005826931434651081
2023-03-02,-0.0055097576907989,0.4882403534921277,0.5117596465078722,1.1102230246251565e-16,1.0,0.9999999999999999,-0.0055097576907989,-0.0055097576907988995,-0.07685814458685034,0.0003171737438521817
2023-03-03,0.0113469495391176,0.494723529249279,0.505276470750721,0.0,1.0,1.0,0.0113469495391176,0.0113469495391176,-0.06551119504773273,0.011664123282969781
2023-03-06,0.0010130119544622,0.49995674291948844,0.5000432570805116,0.0,1.0,1.0,0.0010130119544622,0.0010130119544622,-0.06449818309327053,0.012677135237431981
2023-03-08,0.0008680926280943,0.5031844747952864,0.49681552520471367,0.0,1.0,1.0,0.0008680926280943,0.0008680926280943,-0.06363009046517623,0.01354522786552628
2023-03-09,-0.0115816927453305,0.5110450796277002,0.48895492037229976,5.551115123125783e-17,1.0,1.0,-0.0115816927453305,-0.0115816927453305,-0.07521178321050673,0.001963535120195781
2023-03-10,-0.0055545763678649,0.5010343198480814,0.4989656801519186,0.0,1.0,1.0,-0.0055545763678649,-0.0055545763678649,-0.08076635957837162,-0.0035910412476691193
2023-03-13,-0.0143518243829485,0.5199592298303776,0.4800407701696224,5.551115123125783e-17,1.0,1.0,-0.0143518243829485,-0.0143518243829485,-0.09511818396132013,-0.01794286563061762
2023-03-14,-0.0073271926305037,0.5164685856534952,0.4835314143465048,0.0,1.0,1.0,-0.0073271926305037,-0.0073271926305037,-0.10244537659182383,-0.02527005826112132
2023-03-15,-0.0024953633734054,0.516793116897057,0.483206883102943,0.0,1.0,1.0,-0.0024953633734054,-0.0024953633734054,-0.10494073996522923,-0.02776542163452672
2023-03-16,0.0045755756560305,0.5155352837504596,0.4844647162495403,5.551115123125783e-17,1.0,1.0,0.0045755756560305,0.0045755756560305,-0.10036516430919873,-0.023189845978496222
2023-03-17,0.0065099401486752,0.5191985382454781,0.48080146175452193,0.0,1.0,1.0,0.0065099401486752,0.0065099401486752,-0.09385522416052353,-0.016679905829821023
2023-03-20,-0.0114065153317673,0.5160468918397088,0.48395310816029125,0.0,1.0,1.0,-0.0114065153317673,-0.0114065153317673,-0.10526173949229083,-0.028086421161588323
2023-03-21,0.0112967615785161,0.5128990047935456,0.4871009952064545,0.0,1.0,1.0,0.0112967615785161,0.0112967615785161,-0.09396497791377473,-0.01678965958307222
2023-03-22,0.0064744718668458,0.5026674396166818,0.49733256038331825,0.0,1.0,1.0,0.0064744718668458,0.0064744718668458,-0.08749050604692893,-0.010315187716226422
2023-03-23,-0.0044340139664326,0.5004531837111367,0.49954681628886327,5.551115123125783e-17,1.0,1.0,-0.0044340139664326,-0.0044340139664326,-0.09192452001336153,-0.014749201682659023
2023-03-24,-0.0130132195844691,0.5012304540394554,0.49876954596054446,1.1102230246251565e-16,1.0,0.9999999999999999,-0.0130132195844691,-0.013013219584469098,-0.10493773959783063,-0.02776242126712812
2023-03-27,0.0003808217679531,0.4613654920191531,0.5386345079808469,0.0,1.0,1.0,0.0003808217679531,0.0003808217679531,-0.10455691782987754,-0.02738159949917502
2023-03-28,-0.0040302080214319,0.46257424738625547,0.5374257526137445,0.0,1.0,1.0,-0.0040302080214319,-0.0040302080214319,-0.10858712585130945,-0.03141180752060692
2023-03-29,0.0125938955799928,0.48222167746753136,0.5177783225324687,0.0,1.0,1.0,0.0125938955799928,0.0125938955799928,-0.09599323027131665,-0.01881791194061412
2023-03-31,0.0087149056704618,0.48585252995844574,0.5141474700415543,0.0,1.0,1.0,0.0087149056704618,0.0087149056704618,-0.08727832460085486,-0.010103006270152322
2023-04-03,0.0096499529494019,0.4950607404313571,0.5049392595686428,0.0,1.0,1.0,0.0096499529494019,0.0096499529494019,-0.07762837165145295,-0.00045305332075042115
2023-04-05,0.0059623503491228,0.49306601283078766,0.5069339871692123,0.0,1.0,1.0,0.0059623503491228,0.0059623503491228,-0.07166602130233014,0.005509297028372379
2023-04-06,0.007401125412622,0.4880711888703877,0.5119288111296124,0.0,1.0,1.0,0.007401125412622,0.007401125412622,-0.06426489588970814,0.012910422440994378
2023-04-10,-0.0028738763288816,0.48845450792338846,0.5115454920766116,0.0,1.0,1.0,-0.0028738763288816,-0.0028738763288816,-0.06713877221858974,0.010036546112112778
2023-04-11,0.0080785635965332,0.487442841104499,0.5125571588955011,0.0,1.0,1.0,0.0080785635965332,0.0080785635965332,-0.05906020862205654,0.01811510970864598
2023-04-12,0.0136704355781163,0.4794726307727966,0.5205273692272033,1.1102230246251565e-16,1.0,0.9999999999999999,0.0136704355781163,0.013670435578116298,-0.04538977304394024,0.03178554528676228
2023-04-13,0.0027416847926929,0.478823631240315,0.521176368759685,0.0,1.0,1.0,0.0027416847926929,0.0027416847926929,-0.04264808825124734,0.03452723007945518
2023-04-17,0.0005803948999877,0.48974247950921723,0.5102575204907828,0.0,1.0,1.0,0.0005803948999877,0.0005803948999877,-0.04206769335125964,0.03510762497944288
2023-04-18,-0.0020596623832933,0.4940930031335189,0.5059069968664811,0.0,1.0,1.0,-0.0020596623832933,-0.0020596623832933,-0.04412735573455294,0.033047962596149574
2023-04-19,0.0014524840365797,0.5002457604546551,0.49975423954534487,5.551115123125783e-17,1.0,1.0,0.0014524840365797,0.0014524840365797,-0.04267487169797324,0.034500446632729276
2023-04-20,-0.0037907598631026,0.5025691122529428,0.49743088774705724,0.0,1.0,1.0,-0.0037907598631026,-0.0037907598631026,-0.04646563156107584,0.030709686769626675
2023-04-21,0.0017877361000887,0.5038653458416256,0.4961346541583744,5.551115123125783e-17,1.0,1.0,0.0017877361000887,0.0017877361000887,-0.04467789546098714,0.032497422869715374
2023-04-24,0.0038206021307986,0.5038223918826793,0.4961776081173207,0.0,1.0,1.0,0.0038206021307986,0.0038206021307986,-0.04085729333018854,0.036318025000513975
2023-04-25,0.0081307496735119,0.5009613520352162,0.49903864796478387,0.0,1.0,1.0,0.0081307496735119,0.0081307496735119,-0.03272654365667664,0.04444877467402587
2023-04-26,-0.0013626346255718,0.4985907200401627,0.5014092799598373,0.0,1.0,1.0,-0.0013626346255718,-0.0013626346255718,-0.03408917828224844,0.043086140048454076
2023-04-27,0.0121464661781703,0.49231802767211336,0.5076819723278866,1.1102230246251565e-16,1.0,0.9999999999999999,0.0121464661781703,0.012146466178170298,-0.021942712104078138,0.055232606226624376
2023-04-28,0.0119775236731311,0.48608253579443583,0.5139174642055642,0.0,1.0,1.0,0.0119775236731311,0.0119775236731311,-0.009965188430947038,0.06721012989975547
2023-05-02,0.0022858547342144,0.478097072594245,0.5219029274057551,0.0,1.0,1.0,0.0022858547342144,0.0022858547342144,-0.007679333696732639,0.06949598463396987
2023-05-03,-0.004632990852417,0.47416701852010107,0.5258329814798989,1.1102230246251565e-16,1.0,0.9999999999999999,-0.004632990852417,-0.004632990852416999,-0.012312324549149638,0.06486299378155287
2023-05-04,0.0122942347035651,0.47838384359739816,0.5216161564026018,0.0,1.0,1.0,0.0122942347035651,0.0122942347035651,-1.80898455845388e-05,0.07715722848511797
2023-05-05,-0.0035373126638018,0.48337000520339773,0.5166299947966023,0.0,1.0,1.0,-0.0035373126638018,-0.0035373126638018,-0.0035554025093863387,0.07361991582131616
2023-05-08,0.0155741862743166,0.5040473425257089,0.4959526574742911,0.0,1.0,1.0,0.0155741862743166,0.0155741862743166,0.01201878376493026,0.08919410209563276
2023-05-09,-0.0011106377578832,0.5040473425257089,0.4959526574742911,0.0,1.0,1.0,-0.0011106377578832,-0.0011106377578832,0.01090814600704706,0.08808346433774956
2023-05-10,0.0057680054648351,0.5054390141388628,0.49456098586113717,0.0,1.0,1.0,0.0057680054648351,0.0057680054648351,0.01667615147188216,0.09385146980258466
2023-05-11,-0.0007851438393122,0.5175046339291541,0.48249536607084587,0.0,1.0,1.0,-0.0007851438393122,-0.0007851438393122,0.015891007632569957,0.09306632596327245
2023-05-12,0.0007280256035477,0.5072644616061978,0.49273553839380224,0.0,1.0,1.0,0.0007280256035477,0.0007280256035477,0.01661903323611766,0.09379435156682016
2023-05-15,0.0016785481665764,0.505383483542136,0.494616516457864,0.0,1.0,1.0,0.0016785481665764,0.0016785481665764,0.01829758140269406,0.09547289973339655
2023-05-16,-0.0014926325659267,0.5034786519304381,0.49652134806956205,0.0,1.0,1.0,-0.0014926325659267,-0.0014926325659267,0.01680494883676736,0.09398026716746985
2023-05-17,-0.0055215621092399,0.5092752097334207,0.4907247902665793,5.551115123125783e-17,1.0,1.0,-0.0055215621092399,-0.0055215621092399,0.011283386727527461,0.08845870505822995
2023-05-18,-0.0048958943316707,0.5049024418125642,0.49509755818743584,0.0,1.0,1.0,-0.0048958943316707,-0.0048958943316707,0.006387492395856761,0.08356281072655924
2023-05-19,-0.0031027607649393,0.5134148420903978,0.4865851579096022,0.0,1.0,1.0,-0.0031027607649393,-0.0031027607649393,0.0032847316309174614,0.08046004996161994
2023-05-22,0.0085606039731215,0.5242583314707562,0.4757416685292439,0.0,1.0,1.0,0.0085606039731215,0.0085606039731215,0.011845335604038961,0.08902065393474144
2023-05-23,0.0037745115846039,0.5224344442085322,0.4775655557914678,0.0,1.0,1.0,0.0037745115846039,0.0037745115846039,0.015619847188642861,0.09279516551934534
2023-05-24,1.994747752569669e-05,0.5213349516982984,0.47866504830170165,0.0,1.0,1.0,1.994747752569669e-05,1.994747752569669e-05,0.015639794666168556,0.09281511299687104
2023-05-25,0.0080656741235293,0.5194009561380688,0.48059904386193125,0.0,1.0,1.0,0.0080656741235293,0.0080656741235293,0.023705468789697856,0.10088078712040033
2023-05-26,0.0097068603360187,0.5063520901457204,0.4936479098542797,0.0,1.0,1.0,0.0097068603360187,0.0097068603360187,0.03341232912571655,0.11058764745641902
2023-05-29,0.0044185785644328,0.49480011015976866,0.5051998898402313,0.0,1.0,1.0,0.0044185785644328,0.0044185785644328,0.03783090769014935,0.11500622602085182
2023-05-30,0.0016199782664652,0.49370372163466253,0.5062962783653374,1.1102230246251565e-16,1.0,0.9999999999999999,0.0016199782664652,0.0016199782664651997,0.03945088595661455,0.11662620428731703
2023-05-31,-6.100658253074928e-05,0.49176145381753317,0.5082385461824668,0.0,1.0,1.0,-6.100658253074928e-05,-6.100658253074928e-05,0.0393898793740838,0.11656519770478628
2023-06-01,0.0010859593339131,0.49219577465661074,0.5078042253433892,0.0,1.0,1.0,0.0010859593339131,0.0010859593339131,0.040475838707996904,0.11765115703869938
2023-06-02,0.0014991782169947,0.4932584828117181,0.5067415171882819,0.0,1.0,1.0,0.0014991782169947,0.0014991782169947,0.0419750169249916,0.11915033525569409
2023-06-05,0.001853718539328,0.4965566384019016,0.5034433615980983,1.1102230246251565e-16,1.0,0.9999999999999999,0.001853718539328,0.0018537185393279999,0.043828735464319604,0.12100405379502209
2023-06-06,0.0065066187581831,0.498423788371875,0.5015762116281249,1.1102230246251565e-16,1.0,0.9999999999999999,0.0065066187581831,0.006506618758183099,0.0503353542225027,0.1275106725532052
2023-06-07,0.0088995133574771,0.49186792483528863,0.5081320751647114,0.0,1.0,1.0,0.0088995133574771,0.0088995133574771,0.059234867579979804,0.1364101859106823
2023-06-08,-0.006687066568078,0.48970655661508444,0.5102934433849156,0.0,1.0,1.0,-0.006687066568078,-0.006687066568078,0.052547801011901804,0.1297231193426043
2023-06-09,-0.0044890141709265,0.4921832804604257,0.5078167195395743,0.0,1.0,1.0,-0.0044890141709265,-0.0044890141709265,0.0480587868409753,0.1252341051716778
2023-06-12,0.003453304613712,0.48531143416288475,0.5146885658371153,0.0,1.0,1.0,0.003453304613712,0.003453304613712,0.051512091454687305,0.12868740978538978
2023-06-13,0.0074338541253368,0.4758737399718474,0.5241262600281527,0.0,1.0,1.0,0.0074338541253368,0.0074338541253368,0.058945945580024105,0.1361212639107266
2023-06-14,-0.0009921523941577,0.4762019934211595,0.5237980065788405,1.1102230246251565e-16,1.0,0.9999999999999999,-0.0009921523941577,-0.0009921523941576998,0.0579537931858664,0.1351291115165689
2023-06-15,0.0008151893549853,0.4818257408902701,0.5181742591097299,0.0,1.0,1.0,0.0008151893549853,0.0008151893549853,0.0587689825408517,0.1359443008715542
2023-06-16,0.0083567903950825,0.4804236109004195,0.5195763890995805,0.0,1.0,1.0,0.0083567903950825,0.0083567903950825,0.0671257729359342,0.1443010912666367
2023-06-19,0.0583840984887626,0.4900301818334659,0.5099698181665341,0.0,1.0,1.0,0.0583840984887626,0.0583840984887626,0.1255098714246968,0.20268518975539931
2023-06-20,-0.0008486309122744,0.4949061454259827,0.5050938545740173,0.0,1.0,1.0,-0.0008486309122744,-0.0008486309122744,0.1246612405124224,0.2018365588431249
2023-06-21,0.1052504079029346,0.4966522429850991,0.503347757014901,0.0,1.0,1.0,0.1052504079029346,0.1052504079029346,0.229911648415357,0.3070869667460595
2023-06-22,-0.0100082650585993,0.4956587782243087,0.5043412217756913,0.0,1.0,1.0,-0.0100082650585993,-0.0100082650585993,0.2199033833567577,0.2970787016874602
2023-06-23,-0.006813140486997,0.4985736274452359,0.5014263725547642,0.0,1.0,1.0,-0.006813140486997,-0.006813140486997,0.2130902428697607,0.2902655612004632
