Date,NIFTY50_Index,Log_Return_pct,Realized_Vol,GARCH_Forecast_Vol,GARCHX_Forecast_Vol,Sentiment_Raw,Sentiment_Rolled,Sentiment_Lagged,Has_Real_News,Sentiment_Label,Position_Size,Strategy_Return,Benchmark_Return,Strategy_Value,Benchmark_Value,High_Vol_Flag,Risk_Regime
2022-01-03,1877.0765182999999,0.013743172794881133,0.6418773888182175,2.094327236324298,1.991953805530742,0.0,0.09683381962505254,0.0,1,Neutral,1.0,0.013743172794881133,0.013743172794881133,101374.31727948811,101374.31727948811,0,Low Risk
2022-01-04,1892.32976225,0.00809322533698865,0.6416744639245305,2.1291184183428586,2.01849848552478,0.0,0.09683381962505254,0.09683381962505254,1,Neutral,0.3,0.00809322533698865,0.00809322533698865,102194.76247261441,102194.76247261441,1,High Risk
2022-01-05,1917.7944984499998,0.013367078669266775,0.675040743235407,1.8898133369068895,1.8898133369068895,0.0,0.09683381962505254,0.09683381962505254,1,Neutral,1.0,0.0040101236007800325,0.013367078669266775,102604.57610148194,103560.80790217288,0,Low Risk
2022-01-06,1915.43249885,-0.0012323819594336574,0.6380110676273404,2.1088030266503783,1.9021112367381796,0.0,0.09683381962505254,0.09683381962505254,1,Neutral,1.0,-0.0012323819594336574,-0.0012323819594336574,102478.12807293914,103433.18143080985,0,Low Risk
2022-01-07,1916.7570175499998,0.0006912595251742305,0.6977727601983904,1.8388467216284046,1.9784381987972888,0.0,0.09683381962505254,0.09683381962505254,1,Neutral,1.0,0.0006912595251742305,0.0006912595251742305,102548.9670550916,103504.68060269298,0,Low Risk
2022-01-10,1932.6164834000003,0.008240071057020112,0.6000459602796434,1.8102052098427603,1.9433316471565385,0.0,0.09683381962505254,0.09683381962505254,1,Neutral,1.0,0.008240071057020112,0.008240071057020112,103393.97783044957,104357.56652559334,0,Low Risk
2022-01-11,1932.7425117500002,6.520913074436941e-05,0.6310162238012683,1.8933367025569328,1.8452738456714952,0.0,0.09683381962505254,0.09683381962505254,1,Neutral,1.0,6.520913074436941e-05,6.520913074436941e-05,103400.7200618681,104364.37159179305,0,Low Risk
2022-01-12,1941.7264984,0.004637540126320614,0.3893776593602673,1.8167806042811956,1.8167806042811956,0.0,0.09683381962505254,0.09683381962505254,1,Neutral,1.0,0.004637540126320614,0.004637540126320614,103880.24505024544,104848.36555280823,0,Low Risk
2022-01-13,1950.9374977999996,0.004732500210759812,0.3347310379550995,1.814754009925767,1.814754009925767,0.0,0.09683381962505254,0.09683381962505254,1,Neutral,1.0,0.004732500210759812,0.004732500210759812,104371.85833183952,105344.56046488472,0,Low Risk
2022-01-14,1952.9260147500001,0.0010187431582010153,0.32768351403844503,1.8156606164457698,1.8695561193755308,0.0,0.09683381962505254,0.09683381962505254,1,Neutral,1.0,0.0010187431582010153,0.0010187431582010153,104478.18644842382,105451.87951511201,0,Low Risk
2022-01-17,1958.2930069000001,0.002744410624349842,0.20998599075049357,1.8060943975702444,1.8060943975702444,0.0,0.09683381962505254,0.09683381962505254,1,Neutral,1.0,0.002744410624349842,0.002744410624349842,104764.91749332569,105741.28277361095,0,Low Risk
2022-01-18,1930.4452453,-0.01432250557185915,0.802066452165302,1.8006458100838778,1.7485068265973593,0.0,0.09683381962505254,0.09683381962505254,1,Neutral,1.0,-0.01432250557185915,-0.01432250557185915,103264.42137879218,104226.80266191038,0,Low Risk
2022-01-19,1910.4864883000002,-0.010392757814230397,0.8536606770445168,2.4584637812725085,1.7747894882053192,0.0,0.09683381962505254,0.09683381962505254,1,Neutral,1.0,-0.010392757814230397,-0.010392757814230397,102191.21925657574,103143.59874409356,0,Low Risk
2022-01-20,1882.5422424,-0.014734795580662359,0.8427875898136151,2.2094507077352517,2.2094507077352517,0.0,0.09683381962505254,0.09683381962505254,1,Neutral,0.3,-0.014734795580662359,-0.014734795580662359,100685.45253069146,101623.79890114548,1,High Risk
2022-01-21,1861.8435005,-0.011055993780222312,0.7137746110271264,2.4862530262594267,2.4862530262594267,0.0,0.09683381962505254,0.09683381962505254,1,Neutral,0.3,-0.0033167981340666937,-0.011055993780222312,100351.49920960999,100500.24681257186,1,High Risk
2022-01-24,1795.8982613000003,-0.03606180528942853,1.0655371554339974,2.2481187167968724,2.2481187167968724,0.0,0.09683381962505254,0.09683381962505254,1,Neutral,0.3,-0.010818541586828559,-0.03606180528942853,99265.84234211023,96876.02648047739,1,High Risk
2022-01-25,1805.9647621,0.00558962233949346,1.4920280000621915,4.247647476170698,2.0459039372156638,0.0,0.09683381962505254,0.09683381962505254,1,Neutral,0.3,0.001676886701848038,0.00558962233949346,99432.29991308146,97417.52688225404,1,High Risk
2022-01-27,1784.23675845,-0.01210420574391298,1.4855507964731127,1.8282295950572232,1.8282295950572232,0.0,0.09683381962505254,0.09683381962505254,1,Neutral,1.0,-0.003631261723173894,-0.01210420574391298,99071.23520835994,96238.36509380805,0,Low Risk
2022-01-28,1788.26375725,0.0022544436245198764,1.6413321340917482,2.3122851444645995,2.3122851444645995,0.0,0.09683381962505254,0.09683381962505254,1,Neutral,0.3,0.0022544436245198764,0.0022544436245198764,99294.58572294874,96455.32906242802,1,High Risk
2022-01-31,1814.96774835,0.014822516942291,1.9830247306334234,1.8001583459819877,2.166938889475146,0.0,0.09683381962505254,0.09683381962505254,1,Neutral,0.3,0.0044467550826873,0.014822516942291,99736.12442669559,97885.03981163012,1,High Risk
2022-02-01,1836.7467652,0.011928246307683951,1.053165027799866,2.1865668063424337,2.1865668063424337,0.09683381962505254,0.09683381962505254,0.09683381962505254,1,Neutral,0.3,0.003578473892305185,0.011928246307683951,100093.02754407623,99052.6366763407,1,High Risk
2022-02-02,1869.4650040000001,0.01765635145363251,1.2108767529737536,2.035979377568895,1.97992350993699,0.18943107314407825,0.1431324463845654,0.09683381962505254,1,Positive,1.0,0.005296905436089753,0.01765635145363251,100623.21084578913,100801.54484190715,0,Low Risk
2022-02-03,1853.4780052499998,-0.008588418881600501,1.0754853330180363,2.3585061816428454,2.3585061816428454,-0.048849361638228096,0.07913851037696758,0.1431324463845654,1,Neutral,0.3,-0.008588418881600501,-0.008588418881600501,99759.0165618339,99935.81895089241,1,High Risk
2022-02-04,1850.2262398000003,-0.0017559535375316967,1.1385594455932215,2.109204452232354,1.9971603164870257,0.19583760438994927,0.108313283880213,0.07913851037696758,1,Positive,1.0,-0.000526786061259509,-0.0017559535375316967,99706.46490242415,99760.33629607946,0,Low Risk
2022-02-07,1803.2817589500003,-0.025699719088876683,1.7197417449267531,1.8469989615200426,2.1079987348737377,0.20941486085454622,0.09649064331375934,0.07766994039029486,1,Neutral,0.3,-0.025699719088876683,-0.025699719088876683,97144.0367630869,97196.52367705836,1,High Risk
2022-02-08,1817.6357360999998,0.007928406189874114,1.6507927726907687,3.337509979831666,3.337509979831666,-0.16701050102710724,0.05879859750630794,0.09649064331375934,1,Neutral,0.3,0.002378521856962234,0.007928406189874114,97375.09597780145,97967.13719701378,1,High Risk
2022-02-09,1843.2765273999998,0.014008098931271867,1.5464487823773894,1.882478147456051,1.882478147456051,0.597595825791359,0.1171078478844909,0.05879859750630794,1,Positive,1.0,0.00420242967938156,0.014008098931271867,97784.3079711712,99339.47054688304,0,Low Risk
2022-02-10,1852.7605073,0.00513198359546627,1.5402537678914043,2.140953809385708,2.140953809385708,-0.2275919308885932,0.09157319513443873,0.1171078478844909,1,Neutral,0.3,0.00513198359546627,0.00513198359546627,98286.13543557326,99849.27908011193,1,High Risk
2022-02-11,1830.1805016000003,-0.01226209628138158,1.6374716557461093,1.819766335911301,2.1524817434302737,-0.497447170317173,-0.007467486966578729,0.09157319513443873,1,Neutral,0.0,-0.0036786288844144737,-0.01226209628138158,97924.57721882248,98624.91760640506,1,High Risk
2022-02-14,1782.3632515000002,-0.026474443630997248,1.665420519754426,2.3214772906637386,1.9946454883909737,-0.4716102107472363,-0.21279359219359262,-0.09928941359329553,1,Negative,0.7,-0.0,-0.026474443630997248,97924.57721882248,96013.87778462254,0,Low Risk
2022-02-15,1841.5512115999995,0.03266811312429297,2.295022461997404,3.4026624539326735,2.0890509511664677,0.31130564883351325,-0.13307423388348924,-0.21279359219359262,1,Negative,0.0,0.022867679187005076,0.03266811312429297,100163.88503518562,99150.47000559262,1,High Risk
2022-02-16,1843.85475155,0.0012500876554797425,2.20586779187199,3.520630371301443,3.520630371301443,-0.10193325692994727,-0.24966241433704026,-0.13307423388348924,1,Negative,0.0,0.0,0.0012500876554797425,100163.88503518562,99274.41678418162,1,High Risk
2022-02-17,1843.9435257499997,4.81448242782107e-05,2.188306921006071,1.8029346160424244,1.8029346160424244,-0.20798791986372736,-0.24639507916622927,-0.24966241433704026,1,Negative,0.7,0.0,4.81448242782107e-05,100163.88503518562,99279.19633353302,0,Low Risk
2022-02-18,1838.1077315999996,-0.0031698630076756216,2.1071182009245346,1.8143515241519588,1.8143515241519588,-0.39541979961925083,-0.22939051738324226,-0.24639507916622927,1,Negative,0.7,-0.002218904105372935,-0.0031698630076756216,99941.63097947095,98964.4948816436,0,Low Risk
2022-02-21,1823.2537399999997,-0.008113961546565965,1.6138120270061833,1.8831548172772075,1.8831548172772075,0.00425617303699255,-0.13703933128761867,-0.20502024325679422,1,Negative,0.7,-0.0056797730825961755,-0.008113961546565965,99373.985194003,98161.50077569862,0,Low Risk
2022-02-22,1819.5972382,-0.0020074952557036997,0.3630173859372889,2.0835102514519903,2.0835102514519903,-0.46772338325778645,-0.2483291930149472,-0.13703933128761867,1,Negative,0.0,-0.0014052466789925898,-0.0020074952557036997,99234.34023133088,97964.44202859866,1,High Risk
2022-02-23,1823.5229912,0.002155160561443915,0.38721009434111264,1.851617093012814,1.851617093012814,0.03915517125278711,-0.22817370327455658,-0.2483291930149472,1,Negative,0.7,0.0,0.002155160561443915,99234.34023133088,98175.57113048254,0,Low Risk
2022-02-24,1736.6109878,-0.04883483365243872,2.091707518793287,1.7982523676879898,2.10783267693429,-0.4670670850969413,-0.2651850125935871,-0.22817370327455658,1,Negative,0.0,-0.0341843835567071,-0.04883483365243872,95842.07548286629,93381.18344559227,1,High Risk
2022-02-25,1787.1432365,0.028682881878213738,2.794607594386206,5.429752597610325,5.429752597610325,0.04625776748765598,-0.20208821729260043,-0.2651850125935871,1,Negative,0.0,0.0,0.028682881878213738,95842.07548286629,96059.62490000999,1,High Risk
2022-02-28,1807.06274875,0.011084348687059084,2.882348509791912,3.1862596612355487,2.7798792399757493,0.2549368298866532,0.09960248757880404,0.06379096517170965,1,Neutral,0.3,0.0,0.011084348687059084,95842.07548286629,97124.38327714981,1,High Risk
2022-03-02,1789.0024879999996,-0.010044541134038862,2.906217963775691,1.9987605971880504,2.696087702865875,-0.2426806396494309,0.09762519329448587,0.13788745199480273,1,Neutral,0.3,-0.0030133623402116587,-0.010044541134038862,95553.2685819985,96148.81341420431,1,High Risk
2022-03-03,1773.74051825,-0.00856759136435027,2.8945959789235376,2.187734099739522,2.6153341743560596,0.14418021403253078,0.1849462360272676,0.09762519329448587,1,Positive,0.3,-0.002570277409305081,-0.00856759136435027,95307.67017437694,95325.04967070425,1,High Risk
2022-03-04,1739.95100705,-0.019233647920128213,1.9294181410584477,2.107033489534343,2.532920657665779,0.342185082534949,0.22722156674830946,0.1849462360272676,1,Positive,0.3,-0.005770094376038463,-0.019233647920128213,94757.73592271043,93491.6012273692,1,High Risk
2022-03-07,1686.2184898,-0.03136851414997898,1.5614560391294767,2.8131244983643193,2.8131244983643193,-0.6811465578419822,-0.1398657587794017,-0.006139560532453768,1,Negative,0.0,-0.009410554244993694,-0.03136851414997898,93866.01310867697,90558.90861136427,1,High Risk
2022-03-08,1698.24600375,0.0071075141166127755,1.4206333464085465,3.825261659111882,2.44403749954949,-0.2125898910065492,-0.14170308144522364,-0.1398657587794017,1,Negative,0.0,0.0,0.0071075141166127755,93866.01310867697,91202.55733270459,1,High Risk
2022-03-09,1739.5234925,0.02401526490744034,2.1778680313878276,1.8606198600414179,2.5915717065251127,-0.05003729888371059,-0.11418260419297788,-0.14170308144522364,1,Negative,0.0,0.0,0.02401526490744034,93866.01310867697,93392.8109072855,1,High Risk
2022-03-10,1772.4022460499996,0.01872460674262593,2.4143651121971357,2.8136324578322176,2.8136324578322176,-0.05003729888371059,-0.15724307389722933,-0.11418260419297788,1,Negative,0.0,0.0,0.01872460674262593,93866.01310867697,95141.55456411286,1,High Risk
2022-03-11,1777.7074950499998,0.002988782508786627,2.1671438976741904,2.4304259549752496,2.620028827349606,-0.8072901964187622,-0.3488222870561812,-0.15724307389722933,1,Negative,0.0,0.0,0.002988782508786627,93866.01310867697,95425.91197825284,1,High Risk
2022-03-14,1796.5875077,0.010564426400419769,0.8580114337265199,1.8005240842977521,1.8005240842977521,0.2654886284673756,-0.01410796520035463,-0.17188049625191426,1,Neutral,0.7,0.0,0.010564426400419769,93866.01310867697,96434.03200204004,0,Low Risk
2022-03-15,1788.59949955,-0.004456125358054751,1.1514413148263254,1.9761476472142985,2.342688197498253,-0.4848395437002182,-0.05948290731596614,-0.01410796520035463,1,Neutral,0.0,-0.0031192877506383255,-0.004456125358054751,93573.21800378582,96004.30986665629,1,High Risk
2022-03-16,1824.47926175,0.01986169916092688,1.0377305099458973,1.925110062308731,1.925110062308731,-0.28753355145454407,-0.09906561607777171,-0.05948290731596614,1,Neutral,0.7,0.0,0.01986169916092688,93573.21800378582,97911.11858738022,0,Low Risk
2022-03-17,1863.5764923499999,0.021202876482853673,1.0968222660603277,2.5073983750446023,2.5073983750446023,0.08384800431403247,-0.07293509887894255,-0.09906561607777171,1,Neutral,0.0,0.01484201353799757,0.021202876482853673,94962.03297219201,99987.11594108646,1,High Risk
2022-03-21,1838.9039993,-0.013327745178755606,1.519904132899916,2.6023751739631837,2.449526217488766,-0.09146797135472298,-0.07810029032361974,-0.02710649034903423,1,Neutral,0.0,-0.0,-0.013327745178755606,94962.03297219201,98654.51313866497,1,High Risk
2022-03-22,1855.3279723,0.008891743310637119,1.5112782016629627,2.3894113048998986,2.4116812242554317,0.04624026951690515,-0.002231745578316403,-0.07810029032361974,1,Neutral,0.0,0.0,0.008891743310637119,94962.03297219201,99531.72374592986,1,High Risk
2022-03-23,1852.084227,-0.001749870774186326,1.4667124960877633,1.9124192459587406,1.9124192459587406,0.08269674130357228,0.05065829624427165,-0.002231745578316403,1,Neutral,1.0,-0.0,-0.001749870774186326,94962.03297219201,99357.55609144247,0,Low Risk
2022-03-24,1842.1034759000001,-0.005403502034748248,1.341668606969848,1.8457647993510722,2.226724049399491,-0.7269544753556451,-0.06517062942282514,0.05065829624427165,1,Neutral,0.0,-0.005403502034748248,-0.005403502034748248,94448.90543380294,98820.67733493475,1,High Risk
2022-03-25,1837.14649815,-0.0026945604589001053,0.7990717553688212,1.960203282470238,1.960203282470238,-0.5330493436194956,-0.14740432427049832,-0.06517062942282514,1,Negative,0.7,-0.0,-0.0026945604589001053,94448.90543380294,98554.3990452663,0,Low Risk
2022-03-28,1840.5422332500002,0.0018466685535480872,0.551894988778702,1.8687556585018026,2.161975803214684,-0.11535212711284035,-0.24365493029494678,-0.23967423766859386,1,Negative,0.0,0.001292667987483661,0.0018466685535480872,94570.99651031008,98736.39635479703,1,High Risk
2022-03-29,1854.8560287999996,0.007746860349217104,0.5072761174487419,1.7987081551360942,2.120711598154182,0.3384824422675939,-0.19494790150316532,-0.24365493029494678,1,Negative,0.0,0.0,0.007746860349217104,94570.99651031008,99501.29342874257,1,High Risk
2022-03-30,1875.4919975999996,0.011063943181197642,0.6905534106582639,1.875615933801684,2.0769950510579847,0.5352476127445698,-0.11952275626299909,-0.19494790150316532,1,Negative,0.0,0.0,0.011063943181197642,94570.99651031008,100602.17008569386,1,High Risk
2022-03-31,1867.56223905,-0.004237058782483908,0.6583471437540208,1.9954830879725347,2.0686994896181177,-0.2429400458931923,-0.038853684685923616,-0.11952275626299909,1,Neutral,0.0,-0.0,-0.004237058782483908,94570.99651031008,100175.91277739532,1,High Risk
2022-04-01,1887.91851585,0.010840942874812192,0.6570336181676902,1.9157477041124082,2.0293319806700274,0.043568805706771935,0.057249340201787645,-0.038853684685923616,1,Neutral,0.3,0.0,0.010840942874812192,94570.99651031008,101261.91412524723,1,High Risk
2022-04-04,1916.7642449,0.015163567413689216,0.7391180789928283,1.9855108999131985,2.0252162880374875,-0.005291152000427246,0.11781784840261435,0.09947435255054549,1,Positive,0.3,0.004549070224106765,0.015163567413689216,95001.20661459923,102797.40598652462,1,High Risk
2022-04-05,1907.7892593000004,-0.004693359402574465,0.9374181851146945,2.2040685446899824,2.2040685446899824,-0.06031659245491028,0.051351342615530315,0.11781784840261435,1,Neutral,0.3,-0.0014080078207723396,-0.004693359402574465,94867.44417270306,102314.94081457751,1,High Risk
2022-04-06,1892.6175064999995,-0.007984320802498493,1.042430691879766,1.9316971135167391,2.0220018057036953,-0.0450182245778186,-0.04535963027153441,0.051351342615530315,1,Neutral,0.0,-0.002395296240749548,-0.007984320802498493,94640.20854030667,101498.02550422528,1,High Risk
2022-04-07,1880.4545303999998,-0.006447275913592695,1.0785853395472393,2.0749920504135404,2.0033121299237067,-0.2704944219440222,-0.04995202628000606,-0.04535963027153441,1,Neutral,0.0,-0.0,-0.006447275913592695,94640.20854030667,100843.63972911467,1,High Risk
2022-04-08,1903.59750365,0.012231999771061491,1.110427126709191,2.002262295238523,1.9800374808671488,0.3784946828688446,0.005868953247006055,-0.04995202628000606,1,Neutral,1.0,0.0,0.012231999771061491,94640.20854030667,102077.15910719421,0,Low Risk
2022-04-11,1894.9167297,-0.00457062342217551,0.8239752006343407,2.0478874752447926,1.991192395451224,-0.16266893558204173,0.02451647202170754,0.050746102618643284,1,Neutral,1.0,-0.00457062342217551,-0.00457062342217551,94207.64378647278,101610.60285290972,0,Low Risk
2022-04-12,1878.0377472999996,-0.008947415140255469,0.8753236355100917,1.9264445108578607,1.9620197471934557,-0.5784020721912384,-0.061831107934347145,0.02451647202170754,1,Neutral,0.7,-0.008947415140255469,-0.008947415140255469,93364.7288881299,100701.45060653312,0,Low Risk
2022-04-13,1877.74275815,-0.00015708540484625814,0.8362251704994785,2.1240384477078447,1.9556842575281734,-0.5643594264984131,-0.1483879749211129,-0.061831107934347145,1,Negative,0.7,-0.00010995978339238069,-0.00015708540484625814,93354.46252276488,100685.63187839599,0,Low Risk
2022-04-18,1864.5487563500003,-0.00705132479245874,0.8454043100609285,1.8137081972452802,2.0193868016014376,-0.307033341863881,-0.07576344580279652,-0.05513995919110521,1,Neutral,0.0,-0.004935927354721118,-0.00705132479245874,92893.67167751348,99975.66478608748,1,High Risk
2022-04-19,1838.4252289,-0.014109718810344597,0.5173614404496882,2.0286272406505774,2.0286272406505774,-0.15024243853986263,-0.01459778385259999,-0.07576344580279652,1,Neutral,0.0,-0.0,-0.014109718810344597,92893.67167751348,98565.0362680785,1,High Risk
2022-04-20,1845.1189910999997,0.003634417923807759,0.7075519002246642,2.438293250294519,1.955543153097098,0.25060536282566875,0.1018257574794117,-0.01459778385259999,1,Positive,1.0,0.0,0.003634417923807759,92893.67167751348,98923.26280255197,0,Low Risk
2022-04-21,1871.5337509999997,0.014214513162908761,1.074342046697523,1.7996244276929385,1.9239422180836618,0.49777326601393085,0.0433006175595617,0.1018257574794117,1,Neutral,1.0,0.014214513162908761,0.014214513162908761,94214.10999632442,100329.40882377673,0,Low Risk
2022-04-22,1853.3285034499997,-0.009775068858073197,1.1460408285216477,2.1496573359328277,1.9646257693530682,-0.5163854156931241,-0.0535602384755417,0.0433006175595617,1,Neutral,0.7,-0.009775068858073197,-0.009775068858073197,93293.16058370826,99348.68194403453,0,Low Risk
2022-04-25,1826.6782379999997,-0.014484066595543878,1.2604287463943205,2.1682866939267105,1.998154550951258,-0.24107172298762533,-0.11977137328738059,-0.12919446169827423,1,Negative,0.7,-0.010138846616880715,-0.014484066595543878,92347.27553814603,97909.70901857762,0,Low Risk
2022-04-26,1877.2092407999996,0.02728708063348244,1.716112985350923,2.4632515353774815,1.9987607769680227,0.15375906781039456,-0.07634258666591527,-0.11977137328738059,1,Neutral,0.7,0.019100956443437705,0.02728708063348244,94111.1968258703,100581.37914336835,0,Low Risk
2022-04-27,1837.7720184999998,-0.021232249149436097,2.0613114927690477,3.0694473545022363,2.106838355555454,-0.1941055756683151,-0.13987272073648438,-0.07634258666591527,1,Negative,0.0,-0.014862574404605268,-0.021232249149436097,92712.46216073935,98445.81024160246,1,High Risk
2022-04-28,1850.8892426000002,0.007112216852955478,1.9536568781450139,2.96654491426336,2.96654491426336,0.1523119731474731,-0.18922433400312122,-0.13987272073648438,1,Negative,0.0,0.0,0.007112216852955478,92712.46216073935,99145.97819230563,1,High Risk
2022-04-29,1829.263237,-0.011752912225434939,1.9746716919258707,1.8559953692953222,2.1245461612946808,0.10939118123820259,-0.09982767729864596,-0.18922433400312122,1,Neutral,0.0,-0.0,-0.011752912225434939,92712.46216073935,97980.72421310657,1,High Risk
2022-05-02,1816.8047363500002,-0.006833964275236285,1.8874161623995822,2.2846154137143526,2.1945621277564604,0.37003111839294434,0.08422138569396277,-0.003079020217547183,1,Neutral,0.3,-0.0,-0.006833964275236285,92712.46216073935,97311.12744417242,1,High Risk
2022-05-04,1770.3047272,-0.02592762475221009,1.295054116999166,2.017363428465907,2.1505050079349832,-0.6178304743953049,0.0020109555533925163,0.07263177200789081,1,Neutral,0.3,-0.007778287425663027,-0.02592762475221009,91991.31798211222,94788.08104758542,1,High Risk
2022-05-05,1761.7312378,-0.00485471061078518,1.19801591913102,3.3516903239863325,2.1726678124279615,-0.8800784945487976,-0.17005412239598594,0.0020109555533925163,1,Negative,0.0,-0.001456413183235554,-0.00485471061078518,91857.34061385987,94327.91234474776,1,High Risk
2022-05-06,1719.3024994,-0.024378298442840923,0.9838779568455849,1.9349427441773461,2.23168413109003,-0.47487486992031336,-0.26743179758907193,-0.17005412239598594,1,Negative,0.0,-0.0,-0.024378298442840923,91857.34061385987,92028.35834611735,1,High Risk
2022-05-09,1716.9492600500002,-0.0013696550093624167,1.1572431507601348,3.2215931921146197,2.337538610043065,-0.47487486992031336,-0.6575946129548053,-0.4006881801178679,1,Negative,0.0,-0.0,-0.0013696550093624167,91857.34061385987,91902.3112441052,1,High Risk
2022-05-10,1711.0955246500002,-0.003415206893316908,1.209295742565956,1.8334536350859756,2.2628899673743224,-0.47487486992031336,-0.6575946129548053,-0.6575946129548053,1,Negative,0.0,-0.0,-0.003415206893316908,91857.34061385987,91588.44583723259,1,High Risk
2022-05-11,1702.6314942000001,-0.0049588310649732225,0.9382997768458763,1.8855984401483676,2.200615217144367,-0.47487486992031336,-0.6774766822345555,-0.6575946129548053,1,Negative,0.0,-0.0,-0.0049588310649732225,91857.34061385987,91134.2742068223,1,High Risk
2022-05-12,1661.1834945500002,-0.024644695140643814,1.1716306397534102,1.9382768144254825,2.1327082200264704,-0.47487486992031336,-0.47487486992031336,-0.6774766822345555,1,Negative,0.0,-0.0,-0.024644695140643814,91857.34061385987,88888.29780213133,1,High Risk
2022-05-13,1666.24400795,0.003041699509801952,1.0703031764003073,3.2429066887585187,3.2429066887585187,-0.47487486992031336,-0.47487486992031336,-0.47487486992031336,1,Negative,0.0,0.0,0.003041699509801952,91857.34061385987,89158.6692939832,1,High Risk
2022-05-16,1678.6087539500004,0.0073933313080916385,1.2303690546194208,1.7958487261768625,1.907997558885622,-0.47487486992031336,-0.47487486992031336,-0.47487486992031336,1,Negative,0.7,0.0,0.0073933313080916385,91857.34061385987,89817.8488750622,0,Low Risk
2022-05-17,1720.0179902,0.0243694225058924,1.7918727023275163,1.8634308057342406,1.8634308057342406,0.044050268828868866,0.044050268828868866,-0.47487486992031336,1,Neutral,1.0,0.01705859575412468,0.0243694225058924,93424.29785444064,92006.65798286897,0,Low Risk
2022-05-18,1726.15327605,0.0035606427295730154,1.7608033195049775,2.839054574338417,2.839054574338417,0.044050268828868866,0.044050268828868866,0.044050268828868866,1,Neutral,0.3,0.0035606427295730154,0.0035606427295730154,93756.9484013615,92334.26082068798,1,High Risk
2022-05-19,1678.9292724500003,-0.027739140517143147,1.8823774489166871,1.7982462399224162,2.1838403716003674,0.044050268828868866,0.044050268828868866,0.044050268828868866,1,Neutral,0.3,-0.008321742155142944,-0.027739140517143147,92976.72725151233,89772.98778523639,1,High Risk
2022-05-20,1719.7209976500003,0.024005814597486918,2.125653321019179,3.5048068142114066,3.5048068142114066,0.044050268828868866,0.044050268828868866,0.044050268828868866,1,Neutral,0.3,0.007201744379246075,0.024005814597486918,93646.32187439661,91928.06148587122,1,High Risk
2022-05-23,1701.3194976,-0.010757941946273225,2.253829541585188,2.8114998138375475,2.8114998138375475,-0.43279949575662613,-0.19437461346387863,0.044050268828868866,1,Negative,0.0,-0.0032273825838819675,-0.010757941946273225,93344.08936613458,90939.10473717278,1,High Risk
2022-05-24,1686.3189925499996,-0.008856082568749531,1.9198163849630774,2.2232824671820786,2.0836893108796777,-0.43279949575662613,-0.43279949575662613,-0.19437461346387863,1,Negative,0.0,-0.0,-0.008856082568749531,93344.08936613458,90133.74051689223,1,High Risk
2022-05-25,1679.1452499000002,-0.004263158362792454,1.8745726476440403,2.116366886046343,2.116366886046343,-0.9399884939193726,-0.6863939948379993,-0.43279949575662613,1,Negative,0.0,-0.0,-0.004263158362792454,93344.08936613458,89749.48610723787,1,High Risk
2022-05-26,1685.4962387,0.0037751400047855207,1.4140553051593434,1.9127286990428136,1.9127286990428136,-0.9399884939193726,-0.6863939948379993,-0.6863939948379993,1,Negative,0.7,0.0,0.0037751400047855207,93344.08936613458,90088.30298265026,0,Low Risk
2022-05-27,1707.1295029500002,0.012753282625707069,0.9726703924798558,1.7997174673744907,2.1718190994277733,-0.9399884939193726,-0.6863939948379993,-0.6863939948379993,1,Negative,0.0,0.008927297837994948,0.012753282625707069,94177.39985332247,91237.22457185833,1,High Risk
2022-05-30,1737.6427626500001,0.017716153883501416,1.1159175207061347,2.073190594769198,2.073190594769198,-0.9399884939193726,-0.9399884939193726,-0.6863939948379993,1,Negative,0.0,0.0,0.017716153883501416,94177.39985332247,92853.59728227694,1,High Risk
2022-05-31,1734.4649933499998,-0.0018304559711817118,0.940464994254914,2.3610761282825505,2.1683116078293234,-0.9399884939193726,-0.9399884939193726,-0.9399884939193726,1,Negative,0.0,-0.0,-0.0018304559711817118,94177.39985332247,92683.63286068589,1,High Risk
2022-06-01,1712.6755036,-0.01264223490703463,1.199740793254195,1.8421183538264947,1.8421183538264947,0.784753680229187,0.784753680229187,-0.9399884939193726,1,Positive,1.0,-0.0,-0.01264223490703463,94177.39985332247,91511.90460202376,0,Low Risk
2022-06-02,1722.0800095000002,0.005476098293289339,1.2015157572217483,2.338493084602324,2.338493084602324,0.784753680229187,0.784753680229187,0.784753680229187,1,Positive,0.3,0.005476098293289339,0.005476098293289339,94693.12455192566,92013.03278663056,1,High Risk
2022-06-03,1713.69801315,-0.004879251758400376,1.1487862461071574,1.8203026597925505,1.9949904999793446,0.784753680229187,0.784753680229187,0.784753680229187,1,Positive,1.0,-0.0014637755275201127,-0.004879251758400376,94554.51507358215,91564.07803461063,0,Low Risk
2022-06-06,1720.3370010499998,0.003866586184408582,0.727813268788841,1.9338821485644284,1.9365156419122114,0.784753680229187,0.784753680229187,0.784753680229187,1,Positive,1.0,0.003866586184408582,0.003866586184408582,94920.11825523911,91918.11843372736,0,Low Risk
2022-06-07,1697.10350805,-0.013597223358470363,0.892491971600159,1.7993298791685775,1.847129045688523,0.784753680229187,0.784753680229187,0.784753680229187,1,Positive,1.0,-0.013597223358470363,-0.013597223358470363,93629.4682061102,90668.28724669364,0,Low Risk
2022-06-08,1695.0625,-0.001203365809016078,0.7643730283783406,2.400033773479443,1.7337278632980408,0.784753680229187,0.784753680229187,0.784753680229187,1,Positive,1.0,-0.001203365809016078,-0.001203365809016078,93516.79770535462,90559.18012985891,0,Low Risk
2022-06-09,1705.6899733999999,0.006250092048017395,0.7840009458578169,1.827794997832585,1.841312018275475,0.784753680229187,0.784753680229187,0.784753680229187,1,Positive,1.0,0.006250092048017395,0.006250092048017395,94101.2862990489,91125.18334146352,0,Low Risk
2022-06-10,1679.81251225,-0.015287518020724639,0.9928284393434154,1.834385632631732,1.834385632631732,0.784753680229187,0.784753680229187,0.784753680229187,1,Positive,1.0,-0.015287518020724639,-0.015287518020724639,92662.71118897882,89732.10545898906,0,Low Risk
2022-06-13,1636.3402327500003,-0.0262200045490669,1.2702676899814984,2.51495213966083,1.8418838178439627,0.784753680229187,0.784753680229187,0.784753680229187,1,Positive,1.0,-0.0262200045490669,-0.0262200045490669,90233.09448007491,87379.329245657,0,Low Risk
2022-06-14,1627.2350066999998,-0.005579923247734186,1.2642781622144128,3.372852017782829,1.3586270786789238,0.784753680229187,0.784753680229187,0.784753680229187,1,Positive,1.0,-0.005579923247734186,-0.005579923247734186,89729.60073847054,86891.75929502775,0,Low Risk
2022-06-15,1635.6485152999999,0.005157111610183419,1.3814629056700123,1.9600496938142893,1.9673063070056462,0.784753680229187,0.784753680229187,0.784753680229187,1,Positive,1.0,0.005157111610183419,0.005157111610183419,90192.34630421603,87339.8697957174,0,Low Risk
2022-06-16,1602.8069823,-0.020282915065318322,1.2411961528423787,1.8141862668112272,1.6217281114462048,0.784753680229187,0.784753680229187,0.784753680229187,1,Positive,1.0,-0.020282915065318322,-0.020282915065318322,88362.98260458584,85568.36263483489,0,Low Risk
2022-06-17,1592.1942413000002,-0.006643365238009225,1.2518199827116996,2.8866276001065545,1.9927134970631932,0.784753680229187,0.784753680229187,0.784753680229187,1,Positive,1.0,-0.006643365238009225,-0.006643365238009225,87775.95503762372,84999.90074903326,0,Low Risk
2022-06-20,1597.9157622499997,0.0035870406214617216,1.016368698703814,2.0049774086038177,1.1213707627139162,0.784753680229187,0.784753680229187,0.784753680229187,1,Positive,1.0,0.0035870406214617216,0.0035870406214617216,88090.81095393127,85304.79884584027,0,Low Risk
2022-06-21,1627.1795075,0.018148021045817666,1.435569609104926,1.7964855607816566,1.8855079452877865,0.784753680229187,0.784753680229187,0.784753680229187,1,Positive,1.0,0.018148021045817666,0.018148021045817666,89689.48484506636,86852.91213060381,0,Low Risk
2022-06-22,1601.37525175,-0.015985360110487335,1.5520878792070176,2.3894297884514337,1.912629483753622,0.784753680229187,0.784753680229187,0.784753680229187,1,Positive,1.0,-0.015985360110487335,-0.015985360110487335,88255.76613169388,85464.5370535516,0,Low Risk
2022-06-23,1617.0717437500002,0.00975415563681303,1.3428751398542245,2.5632942777981618,2.5632942777981618,0.32024447362010294,0.32024447362010294,0.784753680229187,1,Positive,0.3,0.00975415563681303,0.00975415563681303,89116.6266103886,86298.1714494001,1,High Risk
2022-06-24,1635.62976845,0.01141096162685634,1.3021341800778299,1.9391755312429952,1.1004496272761766,0.12031181307660567,0.2202781433483543,0.32024447362010294,1,Positive,1.0,0.0034232884880569018,0.01141096162685634,89421.69853235841,87282.91657227708,0,Low Risk
2022-06-27,1643.80576325,0.004986231112397851,1.298808953645112,2.0080824844816174,2.0080824844816174,0.16625963816275963,0.1251858043721348,0.1149173459244786,1,Positive,0.3,0.004986231112397851,0.004986231112397851,89867.57578770391,87718.12936647059,1,High Risk
2022-06-28,1633.9422470000002,-0.006018489519229975,1.160312137883712,1.8108724870590498,1.8108724870590498,-0.06012243314513138,0.09430109811925712,0.1251858043721348,1,Neutral,1.0,-0.0018055468557689924,-0.006018489519229975,89705.31566880485,87190.19872423203,0,Low Risk
2022-06-29,1620.1362335,-0.008485410798320672,0.9100932663708606,1.9769161402510547,1.9001138369376565,-0.26396247376807225,0.04312058784963863,0.09430109811925712,1,Neutral,1.0,-0.008485410798320672,-0.008485410798320672,88944.12921456201,86450.35407046971,0,Low Risk
2022-06-30,1611.79123845,-0.005164109447255394,0.848270794094864,2.0390173040238646,1.8966797845477732,-0.11048242903274039,-0.01841182681505327,0.04312058784963863,1,Neutral,0.7,-0.005164109447255394,-0.005164109447255394,88484.81199660718,86003.91498029581,0,Low Risk
2022-07-01,1623.8377548,0.00744620105452027,0.7154196899519878,1.913672121450899,1.913672121450899,-0.3255288534842077,-0.08210335060945519,-0.01841182681505327,1,Neutral,0.7,0.005212340738164189,0.00744620105452027,88946.0249868859,86644.31742271496,0,Low Risk
2022-07-04,1639.8189895,0.00979353141966551,0.8442042119432865,1.8337773897183844,1.882161753915352,-0.3255288534842077,-0.19002404735753792,-0.11876731025347842,1,Negative,0.7,0.006855471993765856,0.00979353141966551,89555.7919701403,87492.87126772979,0,Low Risk
2022-07-05,1636.2035081000001,-0.0022072393400871817,0.7976822257553644,1.8976318016908906,1.880806163535213,-0.4788828855380416,-0.2947141604557655,-0.19002404735753792,1,Negative,0.7,-0.0015450675380610272,-0.0022072393400871817,89417.42222312189,87299.75356029047,0,Low Risk
2022-07-06,1675.20752265,0.023558427573733595,1.1340505579966926,1.813569244614481,1.863249559356906,0.22844754638416426,-0.17161165541770634,-0.2947141604557655,1,Negative,0.7,0.016490899301613515,0.023558427573733595,90891.99592881325,89356.39848174536,0,Low Risk
2022-07-07,1685.5367539,0.006147009664999718,0.9337020778553866,2.676770826529762,2.676770826529762,0.33692611183505505,-0.05975952020075748,-0.17161165541770634,1,Neutral,0.0,0.004302906765499802,0.006147009664999718,91283.09571302512,89905.67312684222,1,High Risk
2022-07-08,1692.26300815,0.003982629885990082,0.9601005103695586,1.8995367385144362,1.9922899067919013,0.567208775065162,0.16342488693658494,-0.05975952020075748,1,Positive,1.0,0.0,0.003982629885990082,91283.09571302512,90263.73414755725,0,Low Risk
2022-07-11,1696.5157561,0.0025099013411067784,0.9858297968261136,1.7714833215177743,1.7714833215177743,-0.014988822241624197,0.04834016425958124,0.058894995343115486,1,Neutral,1.0,0.0025099013411067784,0.0025099013411067784,91512.20727737561,90490.2872149475,0,Low Risk
2022-07-12,1682.4712402500002,-0.008312903685745672,1.1494946533696515,1.7502773362341284,1.7502773362341284,-0.7393520159853829,0.011130288481389623,0.04834016425958124,1,Neutral,1.0,-0.008312903685745672,-0.008312903685745672,90751.47511220879,89738.05017283418,0,Low Risk
2022-07-13,1682.9059922000001,0.0002583674413829811,0.5588231859721645,2.014187166858875,2.014187166858875,0.09271334360043208,-0.008260311916286402,0.011130288481389623,1,Neutral,0.0,0.0002583674413829811,0.0002583674413829811,90774.92233863527,89761.23556325203,1,High Risk
2022-07-14,1681.3687483999997,-0.0009138634775776762,0.47681555257058844,1.7859671679057152,1.7859671679057152,-0.32839078704516095,-0.10330558318488868,-0.008260311916286402,1,Negative,0.7,-0.0,-0.0009138634775776762,90774.92233863527,89679.20604836853,0,Low Risk
2022-07-15,1698.9537567,0.010404431475297057,0.6735057337324699,1.7763032137365862,1.7763032137365862,0.10668828959266345,-0.1690942239666742,-0.10330558318488868,1,Negative,0.7,0.007283102032707939,0.010404431475297057,91436.04536003868,90612.26720245784,0,Low Risk
2022-07-18,1723.6299881000002,0.014419900766890249,0.9163922210398646,1.9131444572115266,1.4387601298822643,0.3094636438414454,-0.10041888645657944,-0.1467692387541608,1,Negative,0.7,0.010093930536823174,0.014419900766890249,92358.99445046474,91918.88710378022,0,Low Risk
2022-07-19,1727.9640075000002,0.002511316037348432,0.6727336696934102,2.1080973660110565,2.1080973660110565,-0.23953212723135947,-0.029016045206004655,-0.10041888645657944,1,Neutral,0.0,0.0017579212261439024,0.002511316037348432,92521.35428723451,92149.72447909915,1,High Risk
2022-07-20,1738.7187484500002,0.006204649349138016,0.610181160822479,1.7865101818825755,1.7194830503944782,-0.26797353542808977,-0.0805427422100792,-0.029016045206004655,1,Neutral,0.7,0.0,0.006204649349138016,92521.35428723451,92721.48120711166,0,Low Risk
2022-07-21,1761.9772583999998,0.013288130212740213,0.49745398774061655,1.7899264617276651,1.888338590701346,0.21988319771157372,-0.002217887244831399,-0.0805427422100792,1,Neutral,0.7,0.009301691148918148,0.013288130212740213,93381.959349494,93953.5763229099,0,Low Risk
2022-07-22,1767.1212540000001,0.0029151916416493345,0.566339836468866,2.039246058357727,2.039246058357727,0.5203795038163662,0.05688085764426899,-0.002217887244831399,1,Neutral,0.3,0.002040634149154534,0.0029151916416493345,93572.51776465755,94227.46900330951,1,High Risk
2022-07-25,1758.0827377499998,-0.005127950653326456,0.6667713359210188,1.7787738164273743,1.910811008915617,0.010328341614116322,0.13072338511346662,0.18057926881802144,1,Positive,1.0,-0.0015383851959979368,-0.005127950653326456,93428.56718857615,93744.27519207269,0,Low Risk
2022-07-26,1741.4550034,-0.009502889072908829,0.9056412703662561,1.883466636758087,1.883466636758087,0.0013279675373009273,0.1708667342415767,0.13072338511346662,1,Positive,1.0,-0.009502889072908829,-0.009502889072908829,92540.7258783423,92853.43374370219,0,Low Risk
2022-07-27,1758.30525675,0.009629450192242124,0.9608631262518946,2.0825815477405145,2.0825815477405145,-0.1832611725355188,0.18498546139033853,0.1708667342415767,1,Positive,0.3,0.009629450192242124,0.009629450192242124,93431.84218894172,93747.56125911581,1,High Risk
2022-07-28,1817.8202499500003,0.03328769561092991,1.6816579758210148,1.9146867160717147,1.8941716748011186,0.649702842036883,0.25662206877789,0.18498546139033853,1,Positive,1.0,0.009986308683278973,0.03328769561092991,94364.8814058879,96868.20154257625,0,Low Risk
2022-07-29,1844.80548705,0.014735726409148884,1.7061362384673047,3.429519291282448,2.205427361972342,0.47575565029613,0.2491847598578507,0.25662206877789,1,Positive,0.3,0.014735726409148884,0.014735726409148884,95755.41648091683,98295.62485825394,1,High Risk
2022-08-01,1858.4980072500002,0.007394793657425764,1.5377597756006578,2.3096746172872824,1.7555479134242185,0.35419526646899824,0.23441724937988914,0.1852934029720489,1,Positive,1.0,0.002218438097227729,0.007394793657425764,95967.843944854,99022.50072150845,0,Low Risk
2022-08-02,1862.305719,0.002046715365478197,1.2004993140897648,1.8749936637017968,1.7242476518908092,0.35419526646899824,0.2732654630203205,0.23441724937988914,1,Positive,1.0,0.002046715365478197,0.002046715365478197,96164.26280564776,99225.17159526322,0,Low Risk
2022-08-03,1860.6345063999997,-0.0008977918586241796,1.3646630646752673,1.7587465931130823,1.7587465931130823,0.35419526646899824,0.3645707901314884,0.2732654630203205,1,Positive,1.0,-0.0008977918586241796,-0.0008977918586241796,96077.92731341026,99136.08804403442,0,Low Risk
2022-08-04,1863.2539885,0.0014068533661175523,0.6263311127638809,1.7715591601329683,1.9284836671052237,-0.8419129252433777,0.06624763667543625,0.3645707901314884,1,Neutral,1.0,0.0014068533661175523,0.0014068533661175523,96213.09486886072,99275.5579832029,0,Low Risk
2022-08-05,1857.2242751999997,-0.0032413674543280884,0.3973696812459596,1.7490464857928658,2.010454553295881,0.09236820787191391,-0.010429851809406965,0.06624763667543625,1,Neutral,0.0,-0.0032413674543280884,-0.0032413674543280884,95901.23287447261,98953.76942054588,1,High Risk
2022-08-08,1865.7057508499997,0.004556352262248085,0.29683564524973455,1.8207079520844076,1.9734393778948993,0.09236820787191391,-0.37477235868573183,-0.1317831503008218,1,Negative,0.7,0.0,0.004556352262248085,95901.23287447261,99404.63765170316,0,Low Risk
2022-08-10,1858.9035004000002,-0.003652602221509243,0.341777907329188,1.7653738681320674,1.8552923571840192,0.09236820787191391,-0.37477235868573183,-0.37477235868573183,1,Negative,0.7,-0.00255682155505647,-0.003652602221509243,95656.03053510266,99041.55205138822,0,Low Risk
2022-08-11,1872.7997650000002,0.007447713735688732,0.48363690289119937,1.8332879278472265,1.9112731645662973,0.09236820787191391,0.09236820787191391,-0.37477235868573183,1,Neutral,1.0,0.005213399614982112,0.007447713735688732,96154.72364786509,99779.18517900528,0,Low Risk
2022-08-12,1864.9772414500003,-0.00418566166854149,0.5418154656038986,1.8205319770405457,1.912816074879878,0.1937580108642578,0.1937580108642578,0.09236820787191391,1,Positive,1.0,-0.00418566166854149,-0.00418566166854149,95752.25250684301,99361.54326828322,0,Low Risk
2022-08-16,1877.03624575,0.0064452178413096336,0.5614983004610999,1.8543084071687805,1.8704642738598967,0.1937580108642578,0.19545173645019537,0.19545173645019537,1,Positive,1.0,0.0064452178413096336,0.0064452178413096336,96369.39663304572,100001.95005969601,0,Low Risk
2022-08-17,1898.0289825,0.011121902205465068,0.6938305584167794,1.7989445704539768,1.7606571981733565,-0.6252450942993164,-0.0781138737996419,0.19545173645019537,1,Neutral,0.7,0.011121902205465068,0.011121902205465068,97441.20763799813,101114.16196861575,0,Low Risk
2022-08-18,1897.8644883000002,-8.666955559645299e-05,0.6168123181281103,1.9398334074628973,1.8971974552885458,0.4101144503802061,0.04394320724532011,-0.0781138737996419,1,Neutral,1.0,-6.066868891751709e-05,-8.666955559645299e-05,97435.29600768418,101105.39844913343,0,Low Risk
2022-08-19,1872.0705246500002,-0.013684249766708899,0.961760329575109,1.7774465045895147,1.6207250824078916,0.4101144503802061,-0.005995060627659125,0.04394320724532011,1,Neutral,0.7,-0.013684249766708899,-0.013684249766708899,96101.96708102182,99721.84692399285,0,Low Risk
2022-08-22,1841.6635208,-0.01637580019856809,1.213488063947618,2.308030237235274,2.308030237235274,0.4101144503802061,-0.04274104597667849,-0.04274104597667849,1,Neutral,0.0,-0.011463060138997661,-0.01637580019856809,95000.3444528961,98088.82188333335,1,High Risk
2022-08-23,1855.2195114499996,0.0073337735004879116,1.2304245982191768,2.526434780468043,1.9647578138134867,0.4101144503802061,-0.04274104597667849,-0.04274104597667849,1,Neutral,0.7,0.0,0.0073337735004879116,95000.3444528961,98808.18308595543,0,Low Risk
2022-08-24,1852.32173305,-0.0015631809865187315,0.9909864913495856,1.90024285483069,1.90024285483069,0.4101144503802061,0.24851097818464046,-0.04274104597667849,1,Positive,1.0,-0.001094226690563112,-0.0015631809865187315,94896.39254038304,98653.728012843,0,Low Risk
2022-08-25,1844.3315017499997,-0.004322960924884434,0.9573494483019871,1.7953753961500873,1.6815677540872116,-0.025864897295832634,0.030521304346621092,0.24851097818464046,1,Neutral,1.0,-0.004322960924884434,-0.004322960924884434,94486.15914351845,98227.2518015493,0,Low Risk
2022-08-26,1853.3174911499996,0.004860389456763077,0.930636800949562,1.8546587929976344,1.897849066194995,-0.025864897295832634,0.030521304346621092,0.030521304346621092,1,Neutral,1.0,0.004860389456763077,0.004860389456763077,94945.39867522965,98704.67450057236,0,Low Risk
2022-08-29,1837.3969924,-0.008627379641507877,0.6555435530963486,1.7706783964293278,1.7706783964293278,-0.025864897295832634,0.022512824274599608,0.022512824274599608,1,Neutral,1.0,-0.008627379641507877,-0.008627379641507877,94126.26867564413,97853.11180126447,0,Low Risk
2022-08-30,1886.8057434000002,0.026535424437468935,1.3841179341390393,2.0254114612525833,2.0254114612525833,0.1616906113922596,0.06890541998048627,0.022512824274599608,1,Neutral,0.3,0.026535424437468935,0.026535424437468935,96623.94916566758,100449.68565543812,1,High Risk
2022-09-01,1871.8344832999999,-0.007966359307375782,1.468308823841663,2.90429762369302,2.0652774332043715,0.13256750492887062,0.1491120237342054,0.1095039231780296,1,Positive,0.3,-0.0023899077922127344,-0.007966359307375782,96393.0268366422,99649.46736719395,1,High Risk
2022-09-02,1866.7362487999999,-0.002727372584672155,1.4525198532524881,2.126865768879254,2.056916104696036,0.13256750492887062,0.1491120237342054,0.1491120237342054,1,Positive,0.3,-0.0008182117754016464,-0.002727372584672155,96314.15692701784,99377.68614181949,1,High Risk
2022-09-05,1867.50052635,0.0004093353510722539,1.4474161670645305,1.8455874679414435,1.8880937032845808,0.13256750492887062,0.31445176925115065,0.31445176925115065,1,Positive,1.0,0.00012280060532167617,0.0004093353510722539,96325.98436378954,99418.36494186512,0,Low Risk
2022-09-06,1856.4647477500002,-0.005926913971202302,1.4044648365924925,1.7603795150307684,1.677091580439971,0.16841089725494385,0.3157958264236875,0.31445176925115065,1,Positive,1.0,-0.005926913971202302,-0.005926913971202302,95755.06854127398,98829.12084569708,0,Low Risk
2022-09-07,1859.15299375,0.001446998403000075,0.40216330155983504,1.9066738169852888,1.8810426723784393,0.15457656979560852,0.3004512538286773,0.3157958264236875,1,Positive,1.0,0.001446998403000075,0.001446998403000075,95893.62597253238,98972.1264257307,0,Low Risk
2022-09-08,1867.9567336999996,0.0047241734035932065,0.4070808654142481,1.7596595113300928,1.897667026547263,0.15457656979560852,0.3424221910536289,0.3004512538286773,1,Positive,1.0,0.0047241734035932065,0.0047241734035932065,96346.64408992593,99439.68791308822,0,Low Risk
2022-09-09,1865.7307418999997,-0.001192382639567711,0.3907403259250908,1.7577351249481188,1.8001551297436862,0.15457656979560852,0.3424221910536289,0.3424221910536289,1,Positive,1.0,-0.001192382639567711,-0.001192382639567711,96231.7620241325,99321.11775553663,0,Low Risk
2022-09-12,1885.7252503,0.010659700005129204,0.62395506635001,1.7716006156679183,1.7716006156679183,0.08566608279943466,0.17421838454902175,0.20373581846555078,1,Positive,1.0,0.010659700005129204,0.010659700005129204,97257.56373827474,100379.85107498475,0,Low Risk
2022-09-13,1908.36001435,0.011931746920095625,0.5696613033482799,1.9163494032559247,1.8684557606735686,0.08566608279943466,0.17615421364704772,0.17421838454902175,1,Positive,1.0,0.011931746920095625,0.011931746920095625,98418.01637486492,101577.55805388837,0,Low Risk
2022-09-14,1909.9750199000002,0.0008459213933924298,0.5809127605544687,1.9831672665378202,1.9831672665378202,0.08566608279943466,0.1869430355727673,0.17615421364704772,1,Positive,1.0,0.0008459213933924298,0.0008459213933924298,98501.27028041166,101663.48468333473,0,Low Risk
2022-09-15,1885.5924804500003,-0.01284807863663423,1.0069085117180983,1.7707109864982034,1.8736330500197647,0.08566608279943466,0.1869430355727673,0.1869430355727673,1,Positive,1.0,-0.01284807863663423,-0.01284807863663423,97235.71821404055,100357.30423764898,0,Low Risk
2022-09-16,1850.6650131499998,-0.018697043684818417,1.3767868425973446,2.2532802713975166,1.807614260963782,-0.9350032210350037,-0.18703904996315635,0.1869430355727673,1,Negative,0.7,-0.018697043684818417,-0.018697043684818417,95417.69774286795,98480.91933622703,0,Low Risk
2022-09-19,1869.5400116999997,0.01014737649440142,1.365506167347457,2.6770184682702083,1.8731788891691277,-0.9350032210350037,-0.16084810718894002,-0.09921955969184634,1,Negative,0.7,0.007103163546080994,0.01014737649440142,96095.46525512605,99480.24230224651,0,Low Risk
2022-09-20,1894.2750138000004,0.0131437693033447,1.3965316101552483,2.0031946641316147,1.9863536551269423,-0.9350032210350037,-0.16084810718894002,-0.16084810718894002,1,Negative,0.7,0.00920063851234129,0.0131437693033447,96979.60489361372,100787.78765730807,0,Low Risk
2022-09-21,1890.6199935,-0.0019313726954718383,1.3904697238429629,2.047044071207456,1.7242561418731692,-0.9350032210350037,-0.16084810718894002,-0.16084810718894002,1,Negative,0.7,-0.0013519608868302866,-0.0019313726954718383,96848.4922609773,100593.12887618974,0,Low Risk
2022-09-22,1891.9349961,0.0006952986310008464,1.2522636842646058,1.8163228878364974,1.7686292817981903,-0.004729829728603363,-0.12181853782385585,-0.16084810718894002,1,Negative,0.7,0.00048670904170059246,0.0006952986310008464,96895.6292978358,100663.07114098546,0,Low Risk
2022-09-23,1861.7599838000006,-0.01607784461524674,1.1524899137974505,1.7524590466587202,1.817375245524299,-0.004729829728603363,0.14924302324652675,-0.12181853782385585,1,Positive,1.0,-0.011254491230672717,-0.01607784461524674,95805.11828761279,99044.62592468716,0,Low Risk
2022-09-26,1826.8725098,-0.018916774393470222,1.3102600345632225,2.4563752527865383,1.9822212627759879,-0.9528586864471436,-0.4787942580878734,-0.004729829728603363,1,Negative,0.7,-0.018916774393470222,-0.018916774393470222,93992.7944792263,97171.02108118421,0,Low Risk
2022-09-27,1823.1650040499997,-0.0020314898194826567,0.910882957005229,2.709953013974241,2.0548193333772056,-0.06987880400958515,-0.34248910672844396,-0.4787942580878734,1,Negative,0.0,-0.0014220428736378596,-0.0020314898194826567,93859.1326956638,96973.61914110904,1,High Risk
2022-09-28,1811.52999265,-0.006402215950562442,0.8612750668735915,1.9058397828307374,1.9058397828307374,-0.41705962989864676,-0.3611317375209947,-0.34248910672844396,1,Negative,0.7,-0.0,-0.006402215950562442,93859.1326956638,96352.77308986007,0,Low Risk
2022-09-29,1798.6624999999997,-0.007128454875733368,0.7090028843360692,1.9368928755444228,1.860543219880639,-0.10089015641382762,-0.38517181919230076,-0.3611317375209947,1,Negative,0.7,-0.004989918413013357,-0.007128454875733368,93390.78328119624,95665.92669473722,0,Low Risk
2022-09-30,1831.90248415,0.018311702515498563,1.357218764472117,1.969801767767478,1.929974997938707,0.2114397433920289,-0.26584950667543483,-0.38517181919230076,1,Negative,0.7,0.012818191760848993,0.018311702515498563,94587.8842499905,97417.73268524076,0,Low Risk
2022-10-03,1806.1674942000002,-0.014147841775672661,1.2302701092202268,2.3292629317277203,2.3292629317277203,0.2114397433920289,-0.14093638941693576,-0.2762567722553037,1,Negative,0.0,-0.009903489242970862,-0.014147841775672661,93651.13415580535,96039.4820170652,1,High Risk
2022-10-04,1852.2875228,0.025214180182200202,1.7412712083339408,2.381738578317821,2.0509369034317464,0.8960584402084351,0.05225105942666828,-0.14093638941693576,1,Neutral,0.3,0.0,0.025214180182200202,93651.13415580535,98461.03882124864,1,High Risk
2022-10-06,1845.6375076000004,-0.0035966236815947574,1.706896839305843,2.833180807401697,1.8631953716849032,0.6483667393525442,0.35689295569959,0.16957873175799704,1,Positive,1.0,-0.0010789871044784272,-0.0035966236815947574,93550.08578973146,98106.91151730971,0,Low Risk
2022-10-07,1849.7275008000001,0.002213580991735936,1.6064918422579042,1.9604236468785727,2.120368710301862,0.6483667393525442,0.4053773598021104,0.35689295569959,1,Positive,0.3,0.002213580991735936,0.002213580991735936,93757.16648141087,98324.07911180235,1,High Risk
2022-10-10,1837.9725174,-0.006375260002727069,1.4934919416669088,1.7615035827622378,1.7615035827622378,-0.5753925268848737,0.3230108842253685,0.7722125897804897,1,Positive,1.0,-0.0019125780008181206,-0.006375260002727069,93577.84858737949,97697.2375429359,0,Low Risk
2022-10-11,1799.0399795500002,-0.021409893444591193,1.6952073279921966,1.9209031011349142,2.0257845580540077,-0.9078016877174377,-0.27827582508325577,0.3230108842253685,1,Negative,0.0,-0.021409893444591193,-0.021409893444591193,91574.3568203496,95605.55009731073,1,High Risk
2022-10-12,1815.8100143500003,0.009278479128813575,1.1443700521844238,2.8454571248577856,1.8675476166653504,-0.9078016877174377,-0.27827582508325577,-0.27827582508325577,1,Negative,0.7,0.0,0.009278479128813575,91574.3568203496,96492.62419848736,0,Low Risk
2022-10-13,1803.6350097,-0.006727578669903886,1.1503126097785863,1.9973183122711369,1.89125632194831,-0.9078016877174377,-0.7415971073011558,-0.27827582508325577,1,Negative,0.7,-0.00470930506893272,-0.006727578669903886,91143.10523759127,95843.46247812656,0,Low Risk
2022-10-14,1818.69500435,0.008315134934696254,1.267150469512271,1.9585565441982686,2.032315203553342,0.8160325884819031,-0.22238720870680284,-0.7415971073011558,1,Negative,0.0,0.005820594454287378,0.008315134934696254,91673.61229048372,96640.41380124068,1,High Risk
2022-10-17,1833.4000167,0.008052962331889993,1.3439538552503825,1.852742513675727,2.0256362650884223,0.8160325884819031,-0.045884549617767334,-0.22238720870680284,1,Neutral,0.0,0.0,0.008052962331889993,91673.61229048372,97418.65541332032,1,High Risk
2022-10-18,1844.1025025,0.005820534974247604,0.6648531656519838,1.8335662150109342,1.9830172612911985,0.8160325884819031,0.8160325884819031,-0.045884549617767334,1,Positive,1.0,0.0,0.005820534974247604,91673.61229048372,97985.68410429772,0,Low Risk
2022-10-19,1847.7524978999998,0.001977323913770504,0.6249420402078875,1.7791410641114516,1.901127533745666,0.8160325884819031,0.8160325884819031,0.8160325884819031,1,Positive,1.0,0.001977323913770504,0.001977323913770504,91854.88071632742,98179.43354068433,0,Low Risk
2022-10-20,1857.17499685,0.00508647971031437,0.2574460311643936,1.7404464003558566,1.4815861326687547,0.8160325884819031,0.8160325884819031,0.8160325884819031,1,Positive,1.0,0.00508647971031437,0.00508647971031437,92322.09870338436,98678.82123735917,0,Low Risk
2022-10-21,1838.2849959999999,-0.010223444667951267,0.7246937164862945,1.7568508201914996,1.8113908640649745,0.8160325884819031,0.8160325884819031,0.8160325884819031,1,Positive,1.0,-0.010223444667951267,-0.010223444667951267,91378.24883566119,97669.98376854038,0,Low Risk
2022-10-24,1849.4425080499993,0.00605117709142297,0.6885060672621911,2.0996794755179358,1.8237687382841081,-0.0573427751660347,0.06955262397726376,0.19644802312056223,1,Neutral,1.0,0.00605117709142297,0.00605117709142297,91931.19480166987,98261.00213684021,0,Low Risk
2022-10-25,1827.8425049499997,-0.011747934385414528,0.8562190940324975,1.8129640896822488,1.8129640896822488,0.03769228865320866,0.058932512202578724,0.06955262397726376,1,Neutral,1.0,-0.011747934385414528,-0.011747934385414528,90851.19315716709,97106.63833109153,0,Low Risk
2022-10-27,1827.2825073,-0.0003064177846199923,0.8371008766740904,2.188211494132665,1.447947450378058,0.1017532067856303,0.11185769947017529,0.11438382264131154,1,Positive,1.0,-0.0003064177846199923,-0.0003064177846199923,90823.35473582978,97076.88313010221,0,Low Risk
2022-10-28,1835.2549896,0.00435353625665285,0.8215879059475831,1.8034039193480977,1.3725376053080993,0.0635484230145812,0.10380615339424294,0.11185769947017529,1,Positive,1.0,0.00435353625665285,0.00435353625665285,91218.75750362306,97499.51086049197,0,Low Risk
2022-10-31,1855.6975082000004,0.011077209822834742,0.8640119136570752,1.7533767188080844,1.7533767188080844,0.2520127772309241,0.0983316732157626,0.05413802287333991,1,Neutral,1.0,0.011077209822834742,0.011077209822834742,92229.20682026897,98579.53339991739,0,Low Risk
2022-11-01,1879.3624969500001,0.012671981382768845,0.9859446635604548,1.927706580506244,1.5212527988419375,0.2330580394940846,0.12624106619303058,0.0983316732157626,1,Positive,1.0,0.012671981382768845,0.012671981382768845,93397.93361204297,99828.73141188319,0,Low Risk
2022-11-02,1868.8099959500003,-0.005630759470626805,0.7677466842023664,2.014342567554505,1.449993837454137,0.0009873441110054653,0.08627672192924421,0.12624106619303058,1,Neutral,1.0,-0.005630759470626805,-0.005630759470626805,92872.03231281997,99266.61983704506,0,Low Risk
2022-11-03,1871.7525039000004,0.0015732973621347887,0.7429379637321083,1.9155426895578775,1.6622389435819487,0.24341295038660368,0.10651382815795471,0.08627672192924421,1,Positive,1.0,0.0015732973621347887,0.0015732973621347887,93018.14763627383,99422.79574818272,0,Low Risk
2022-11-04,1885.0074936,0.007056636416855669,0.7486078953903338,1.754607734551182,1.5137274952517377,0.05758504569530487,0.10566191711234378,0.10651382815795471,1,Positive,1.0,0.007056636416855669,0.007056636416855669,93674.54288431241,100124.38626932494,0,Low Risk
2022-11-07,1883.3900115999998,-0.0008584455844157511,0.7095942487986103,1.794677031227772,1.816485711669225,0.04881945624947548,0.11677256718729483,0.15741123138358454,1,Positive,1.0,-0.0008584455844157511,-0.0008584455844157511,93594.12838660121,100038.4349320397,0,Low Risk
2022-11-09,1874.4400101000003,-0.004763397158059816,0.5148495840764175,1.763944253147198,1.4740553573944035,-0.9604701995849609,-0.15266318681339422,0.08770119911059739,1,Negative,0.7,-0.004763397158059816,-0.004763397158059816,93148.30238143337,99561.91213538767,0,Low Risk
2022-11-10,1852.58750005,-0.011726642966297007,0.7035797558290902,1.8577743048187474,1.6195350323794666,0.1328619197010994,-0.1803009444847703,-0.15266318681339422,1,Negative,0.7,-0.008208650076407904,-0.011726642966297007,92383.68056197275,98394.38513873414,0,Low Risk
2022-11-11,1869.4025023500003,0.009035551782107715,0.854492090961482,2.188865633630658,1.8234883457203597,0.1328619197010994,-0.25959627454479534,-0.1803009444847703,1,Negative,0.7,0.0063248862474754,0.009035551782107715,92967.99683265034,99283.43270072382,0,Low Risk
2022-11-14,1869.54500135,7.622412453108464e-05,0.756669288754132,1.8986353644547809,1.8469082930223721,0.4828912913799286,-0.11490566283464432,-0.25959627454479534,1,Negative,0.7,5.335688717175925e-05,7.622412453108464e-05,92972.95731556791,99291.00049346188,0,Low Risk
2022-11-15,1877.4400055,0.004214063210325266,0.8025070233439774,1.7622158742167802,1.820644497133977,-0.0020279561479886374,-0.08668623616298039,-0.11490566283464432,1,Neutral,0.7,0.0029498442472276863,0.004214063210325266,93247.213058853,99709.41904575778,0,Low Risk
2022-11-16,1866.4350006500003,-0.005878955108413366,0.818257807698232,1.745321577562188,1.8188401392507245,-0.0020279561479886374,0.20457508497767982,-0.08668623616298039,1,Positive,1.0,-0.004115268575889356,-0.005878955108413366,92863.47573316263,99123.23184730178,0,Low Risk
2022-11-17,1858.3225006,-0.004355995188925771,0.6144742130041229,1.8949992214454343,1.7889821647656894,-0.7722116112709045,-0.09711609201298817,0.20457508497767982,1,Neutral,0.7,-0.004355995188925771,-0.004355995188925771,92458.96287964204,98691.45152626417,0,Low Risk
2022-11-18,1845.6124998999999,-0.006862998722058471,0.46258636492162775,1.8567010174931087,1.8040609239650764,0.42635360546410084,0.03375133235628408,-0.09711609201298817,1,Neutral,1.0,-0.0048040991054409295,-0.006862998722058471,92014.78085878196,98014.13222056133,0,Low Risk
2022-11-21,1830.44748095,-0.008250738594254068,0.49278825338402554,1.9448250279854937,1.48043277560064,0.40793168917298317,0.03241553766032061,0.047407458101709696,1,Neutral,1.0,-0.008250738594254068,-0.008250738594254068,91255.59095510858,97205.44323706681,0,Low Risk
2022-11-22,1841.0725083499997,0.0057878247110308674,0.560548145678016,2.0147680291940464,1.736391201772489,0.40793168917298317,0.04102641111239793,0.03241553766032061,1,Neutral,1.0,0.0057878247110308674,0.0057878247110308674,91783.76231945827,97768.05130348101,0,Low Risk
2022-11-23,1845.18749235,0.0022326074169984945,0.6050129912539832,1.795092128516306,1.5029497705856172,0.03250054642558098,0.03932123817503454,0.04102641111239793,1,Neutral,1.0,0.0022326074169984945,0.0022326074169984945,91988.67942797272,97986.32897996665,0,Low Risk
2022-11-24,1856.5100143000004,0.006117494603794238,0.6908186964430258,1.7374845621615742,1.5204378050073073,-0.03916844894940203,0.18592987063933503,0.03932123817503454,1,Positive,1.0,0.006117494603794238,0.006117494603794238,92551.4196779835,98585.7598187472,0,Low Risk
2022-11-25,1859.4250045000001,0.0015689137636620849,0.5816456774273747,1.769886072634455,1.769886072634455,-0.1357254555914551,0.07351405842822387,0.18592987063933503,1,Neutral,1.0,0.0015689137636620849,0.0015689137636620849,92696.62487416276,98740.43237422792,0,Low Risk
2022-11-28,1871.62749945,0.0065410703519398075,0.23537403915685629,1.7353069134462256,1.5255640317402586,-0.24174356239382178,-0.014035386171996234,0.09424382242247126,1,Neutral,0.7,0.0065410703519398075,0.0065410703519398075,93302.96001885203,99386.3004889687,0,Low Risk
2022-11-29,1871.8300003999998,0.00010818926097363657,0.28620588236689876,1.777893350642784,1.4962242729948574,-0.04207944026326432,-0.01804167961360596,-0.014035386171996234,1,Neutral,0.7,7.57324826815456e-05,0.00010818926097363657,93310.02608365577,99397.0530193695,0,Low Risk
2022-11-30,1888.5025008999996,0.008867625268398847,0.3661924059624028,1.7460099739131194,1.6944359691818993,0.004024645637558854,-0.022109665440466265,-0.01804167961360596,1,Neutral,0.7,0.006207337687879192,0.008867625268398847,93889.23292522185,100278.46883832842,0,Low Risk
2022-12-01,1892.29001015,0.002003553755422578,0.37090135885970793,1.8415100788983267,1.8415100788983267,0.2480314304786069,0.01891888876353501,-0.022109665440466265,1,Neutral,1.0,0.0014024876287958047,0.002003553755422578,94020.91141287661,100479.38214115748,0,Low Risk
2022-12-02,1882.8549910999998,-0.004998503999924319,0.5455996349078656,1.7412836938680865,1.709626166908834,0.2480314304786069,0.044692946156033364,0.01891888876353501,1,Neutral,1.0,-0.004998503999924319,-0.004998503999924319,93550.94751110282,99977.13554761498,0,Low Risk
2022-12-05,1881.4500045000004,-0.0007464786550948706,0.5067623321232406,1.859559666574153,1.859559666574153,0.2480314304786069,0.0627612359770756,0.0018602763028961245,1,Neutral,1.0,-0.0007464786550948706,-0.0007464786550948706,93481.11372562186,99902.50474993115,0,Low Risk
2022-12-06,1882.04749295,0.00031751765767044004,0.5058786691346417,1.7651214032050868,1.6864283631932164,0.2480314304786069,0.09770812805718891,0.0627612359770756,1,Neutral,1.0,0.00031751765767044004,0.00031751765767044004,93510.79562988844,99934.22555923475,0,Low Risk
2022-12-07,1863.1799942000002,-0.01007557400937011,0.48663972541843253,1.7412674322888053,1.7478312653888552,0.2480314304786069,0.14454986926700394,0.09770812805718891,1,Positive,1.0,-0.01007557400937011,-0.01007557400937011,92568.62068784442,98927.3308735436,0,Low Risk
2022-12-08,1861.1999969,-0.0010632628739647627,0.4283758222636384,2.083060927824814,1.644171610075449,0.2480314304786069,0.04106830805540085,0.14454986926700394,1,Neutral,1.0,-0.0010632628739647627,-0.0010632628739647627,92470.1959101729,98822.14511540535,0,Low Risk
2022-12-09,1852.7300079999998,-0.0045612079782839715,0.42450388580111725,1.795934113353065,1.7567771902996703,0.2480314304786069,0.04106830805540085,0.04106830805540085,1,Neutral,1.0,-0.0045612079782839715,-0.0045612079782839715,92048.42011483393,98371.39675867383,0,Low Risk
2022-12-12,1852.3274857000001,-0.0002172826209945181,0.4328092930619286,1.8490583678605537,1.7125900873235478,-0.004280537366867065,-0.004280537366867065,0.04106830805540085,1,Neutral,0.7,-0.0002172826209945181,-0.0002172826209945181,92028.41959285298,98350.02236375521,0,Low Risk
2022-12-13,1866.1674927,0.007443909962841465,0.6413883070306688,1.7556036673386233,1.7556036673386233,-0.004280537366867065,-0.004280537366867065,-0.004280537366867065,1,Neutral,0.7,0.005210736973989025,0.007443909962841465,92507.95548148325,99082.13107507445,0,Low Risk
2022-12-14,1874.7850326499997,0.004607144909985358,0.476730670505579,1.799270288579038,1.5733181589811023,-0.004280537366867065,-0.004280537366867065,-0.004280537366867065,1,Neutral,0.7,0.0032250014369897507,0.004607144909985358,92806.293770844,99538.61681092747,0,Low Risk
2022-12-15,1859.0475112,-0.008429737787140732,0.6486179128869657,1.7492295913223845,1.5136442565467738,-0.18393894005566835,-0.09410973871126765,-0.004280537366867065,1,Neutral,0.7,-0.0059008164509985125,-0.008429737787140732,92258.6608658048,98699.53237151667,0,Low Risk
2022-12-16,1841.6175186,-0.009419994162594005,0.7570389792805178,1.9997007873431891,1.584293203936465,-0.27030885727568105,-0.15284277823273879,-0.09410973871126765,1,Negative,0.7,-0.0065939959138158035,-0.009419994162594005,91650.30763304158,97769.78335272624,0,Low Risk
2022-12-19,1864.0500138,0.012107275694633128,0.9683243134171899,2.0725287015416662,1.7845499220744379,-0.056609087313214936,-0.1064249768669745,-0.09334283938038752,1,Negative,0.7,0.00847509298624319,0.012107275694633128,92427.05251244939,98953.50907438225,0,Low Risk
2022-12-20,1856.4075028,-0.004108377378629482,0.9205815940886186,1.9989330401594128,1.7672517820176228,0.7993471026420593,0.07472943903483227,-0.1064249768669745,1,Neutral,1.0,-0.002875864165040637,-0.004108377378629482,92161.24486424851,98546.97071616504,0,Low Risk
2022-12-21,1843.7450287499996,-0.006844325131410314,0.8865111108728395,1.8557456874062543,1.8141444928005115,-0.026383291397775923,0.05787731729606424,0.07472943903483227,1,Neutral,1.0,-0.006844325131410314,-0.006844325131410314,91530.46333988209,97872.48320786805,0,Low Risk
2022-12-22,1835.0925200999998,-0.004703944922642257,0.8478386836854727,1.9386388712518847,1.9386388712518847,-0.5197769521425167,0.0019043152815895008,0.05787731729606424,1,Neutral,1.0,-0.004703944922642257,-0.004703944922642257,91099.90908158735,97412.09643741601,0,Low Risk
2022-12-23,1803.7924973000002,-0.017203508553449664,1.0515002047562967,1.867253137504849,1.7594821537797942,-0.16405871659517288,0.019612672061674205,0.0019043152815895008,1,Neutral,1.0,-0.017203508553449664,-0.017203508553449664,89532.67101648377,95736.26660314546,0,Low Risk
2022-12-26,1816.9325211,0.007258259834942183,0.8709223187203455,2.5277932685624234,1.894430585466406,-0.17143008559942247,0.1405760101826182,0.15971284323031942,1,Positive,1.0,0.007258259834942183,0.007258259834942183,90182.52240643781,96431.1453017784,0,Low Risk
2022-12-27,1830.6000092,0.007494135804195034,1.0423296665077262,1.8905814200845295,1.8905814200845295,-0.0017940158193761652,0.00705249043904558,0.1405760101826182,1,Neutral,1.0,0.007494135804195034,0.007494135804195034,90858.36247651653,97153.81340042398,0,Low Risk
2022-12-28,1831.5125198499998,0.0004983520640869371,1.0226414573273623,1.8139723728799197,1.5999910132153539,0.6006862260401249,0.11156407667869572,0.00705249043904558,1,Positive,1.0,0.0004983520640869371,0.0004983520640869371,90903.64192899627,97202.230203866,0,Low Risk
2022-12-29,1830.6399872499999,-0.0004765135339494171,1.00511225611026,1.7420591606354214,1.7420591606354214,-0.23346635326743126,0.1592825098245433,0.11156407667869572,1,Positive,1.0,-0.0004765135339494171,-0.0004765135339494171,90860.32511333181,97155.91202564379,0,Low Risk
2022-12-30,1834.9125167500001,0.002331180050060178,0.374950625129911,1.744774306218455,1.7679851720463526,0.2401029153593949,0.22664278181697128,0.1592825098245433,1,Positive,1.0,0.002331180050060178,0.002331180050060178,91072.136890578,97382.39994950338,0,Low Risk
2023-01-02,1831.6424819999997,-0.0017837101137805034,0.36141972440136155,1.7264587603602286,1.803171194532464,0.2401029153593949,0.12700027354954627,0.08436736509969359,1,Positive,1.0,-0.0017837101137805034,-0.0017837101137805034,90909.69059892267,97208.69797780924,0,Low Risk
2023-01-03,1840.1775085999998,0.00464894357234748,0.2512871245942309,1.7646557815226176,1.7467879085481102,0.03259860103329023,0.132732376358324,0.12700027354954627,1,Positive,1.0,0.00464894357234748,0.00464894357234748,91332.32462069664,97660.61572944945,0,Low Risk
2023-01-04,1826.8000184,-0.007296226632016799,0.4537708533490674,1.743520035861107,1.549099942223489,0.2860215889910857,0.08028827018348413,0.132732376358324,1,Neutral,1.0,-0.007296226632016799,-0.007296226632016799,90665.9432814351,96948.06174406508,0,Low Risk
2023-01-05,1806.215001,-0.011332316319084485,0.662949082668861,1.9443780794372603,1.7900996117922698,0.04772856645286083,0.12715409013686615,0.08028827018348413,1,Positive,1.0,-0.011332316319084485,-0.011332316319084485,89638.4881328017,95849.4156418592,0,Low Risk
2023-01-06,1794.0099868499997,-0.006780165654750133,0.6139617380042448,2.1651780659881203,1.7731601496499128,0.06864836066961288,0.09857833102190248,0.12715409013686615,1,Neutral,1.0,-0.006780165654750133,-0.006780165654750133,89030.72433421995,95199.5407258964,0,Low Risk
2023-01-09,1804.3374938500006,0.005740154563978328,0.7698559500868102,1.9680445617272904,1.9680445617272904,0.15495164319872856,0.11798975206911566,0.10874927928671244,1,Positive,1.0,0.005740154563978328,0.005740154563978328,89541.77445284133,95746.0008040828,0,Low Risk
2023-01-10,1790.0175064,-0.007968085074537437,0.6544271395100719,1.7829952650292473,1.7829952650292473,0.15720604608456293,0.1429112410793702,0.11798975206911566,1,Positive,1.0,-0.007968085074537437,-0.007968085074537437,88828.29797627605,94983.08852412914,0,Low Risk
2023-01-11,1778.9024795499997,-0.0062288103014585495,0.6489321064603585,1.9772829986596,1.9772829986596,0.19469409435987473,0.124645742153128,0.1429112410793702,1,Positive,1.0,-0.0062288103014585495,-0.0062288103014585495,88275.00335878039,94391.45688386571,0,Low Risk
2023-01-12,1771.5950134,-0.004116311295901725,0.5550745206321415,1.9236575866676136,1.9236575866676136,0.4132474611202876,0.19774952108661337,0.124645742153128,1,Positive,1.0,-0.004116311295901725,-0.004116311295901725,87911.63596530887,94002.91226365803,0,Low Risk
2023-01-13,1783.0450027,0.006442300119885187,0.6822167131434957,1.8438517103279366,1.8438517103279366,0.025709678729375202,0.18916178469856584,0.19774952108661337,1,Positive,1.0,0.006442300119885187,0.006442300119885187,88477.9891082275,94608.50723660375,0,Low Risk
2023-01-16,1778.6925094499998,-0.002444029298457476,0.5606369337133995,1.7816114332765154,1.7930942974413868,0.048278361643579876,0.16782712838753608,0.18916178469856584,1,Positive,1.0,-0.002444029298457476,-0.002444029298457476,88261.7463105784,94377.28127303417,0,Low Risk
2023-01-17,1785.4374938,0.003784930626024531,0.5390538455847707,1.782658156094905,1.5649855960563794,0.03661943040788174,0.14370980525219984,0.16782712838753608,1,Positive,1.0,0.003784930626024531,0.003784930626024531,88595.8108972957,94734.4927353254,0,Low Risk
2023-01-18,1793.7475081999996,0.004643531601372147,0.4650161082314508,1.7348021196730166,1.7348021196730166,0.11174453049898148,0.1271198924800212,0.14370980525219984,1,Positive,1.0,0.004643531601372147,0.004643531601372147,89007.20834494648,95174.39534608186,0,Low Risk
2023-01-19,1786.0325088999998,-0.0043103270077146155,0.4710846663074829,1.738168637320625,1.7620171627947223,0.15246280375868082,0.07496296100769985,0.1271198924800212,1,Neutral,1.0,-0.0043103270077146155,-0.0043103270077146155,88623.55817093598,94764.16257937872,0,Low Risk
2023-01-20,1767.5749938000004,-0.010388137164895972,0.6188028954273883,1.8284349687543053,1.8284349687543053,0.4058862030506134,0.15099826587194748,0.07496296100769985,1,Positive,1.0,-0.010388137164895972,-0.010388137164895972,87702.92449261516,93779.73946018764,0,Low Risk
2023-01-23,1776.6175048500002,0.005102731115240373,0.6858311724533362,2.0997204935417195,2.0997204935417195,0.00954326929954382,0.08839453874698787,0.09392812336756447,1,Neutral,0.3,0.005102731115240373,0.005102731115240373,88150.4489343212,94258.27225471026,1,High Risk
2023-01-24,1778.4199829000002,0.0010140417425500592,0.6557801146491077,1.7875754515547138,1.5487289608328063,0.199001365651687,0.11159195806753149,0.08839453874698787,1,Positive,1.0,0.00030421252276501774,0.0010140417425500592,88177.26540477439,94353.85407735719,0,Low Risk
2023-01-25,1761.0249923,-0.009829298533094954,0.6752419166068488,1.7312257924151921,1.7312257924151921,0.03626562814627375,0.10080925773143037,0.11159195806753149,1,Positive,1.0,-0.009829298533094954,-0.009829298533094954,87310.5447392789,93426.42187788276,0,Low Risk
2023-01-27,1754.5200103,-0.0037007004143583,0.6743740166117194,2.060476481272798,1.7371210236112773,0.13675488283236822,0.07546181793747184,0.11390914939722115,1,Neutral,1.0,-0.0037007004143583,-0.0037007004143583,86987.43457018441,93080.67867972725,0,Low Risk
2023-01-30,1765.0149886499999,0.005963861396415113,0.6567418630114754,1.8457661092771365,1.7256099040589126,0.27416084044509464,0.17019356817404094,0.1323910580103908,1,Positive,1.0,0.005963861396415113,0.005963861396415113,87506.21557319071,93635.79894605739,0,Low Risk
2023-01-31,1751.6525009000002,-0.007599553895955579,0.6414935661547079,1.770388946300238,1.770388946300238,0.1286489105783403,0.16014321744927715,0.17019356817404094,1,Positive,1.0,-0.007599553895955579,-0.007599553895955579,86841.20737171113,92924.20864537597,0,Low Risk
2023-02-01,1731.8900177,-0.01134632065540882,0.6924463709464141,1.9558846246119073,1.9558846246119073,-0.06661633780116544,0.14544579374250008,0.16014321744927715,1,Positive,1.0,-0.01134632065540882,-0.01134632065540882,85855.87918676884,91869.86077743542,0,Low Risk
2023-02-02,1727.89248955,-0.002310856200088841,0.6498922141519559,2.1626242668028075,1.5748133163770244,0.14639102584785885,0.13147850523230617,0.14544579374250008,1,Positive,1.0,-0.002310856200088841,-0.002310856200088841,85657.47859603602,91657.56274005659,0,Low Risk
2023-02-03,1750.6050248,0.013059004891530503,0.9961670161612485,1.8231848783388864,1.6204913853473495,0.07023732084780931,0.12197599637736921,0.13147850523230617,1,Positive,1.0,0.013059004891530503,0.013059004891530503,86776.08002801782,92854.51930022475,0,Low Risk
2023-02-06,1747.91001125,-0.0015406617123618735,0.9297530276610928,2.012433655333019,1.5656583073703665,0.18064584583044052,0.13180930033755725,0.14516858528250784,1,Positive,1.0,-0.0015406617123618735,-0.0015406617123618735,86642.3874439698,92711.46189751913,0,Low Risk
2023-02-07,1749.57499075,0.0009521010811041264,0.8769480111160898,1.7881764750686144,1.5514825840202249,0.13050928013399243,0.13207506741693611,0.13180930033755725,1,Positive,1.0,0.0009521010811041264,0.0009521010811041264,86724.87975472466,92799.7325806225,0,Low Risk
2023-02-08,1772.8324889999997,0.01320564776825916,0.7816010555758645,1.7300484597723504,1.63973486311748,0.3492771126329899,0.1914884174789583,0.13207506741693611,1,Positive,1.0,0.01320564776825916,0.01320564776825916,87870.1379695102,94025.21316207084,0,Low Risk
2023-02-09,1784.0350067499999,0.006299112803754277,0.6771317338935525,2.0097914557214787,1.7691687049954783,0.16542083583772182,0.19420696176322444,0.1914884174789583,1,Positive,1.0,0.006299112803754277,0.006299112803754277,88423.64188066157,94617.48858617576,0,Low Risk
2023-02-10,1780.7374999999997,-0.0018500522455700578,0.637416865079574,1.7953872301764036,1.643376481460504,0.16219096817076206,0.20734319709507482,0.19420696176322444,1,Positive,1.0,-0.0018500522455700578,-0.0018500522455700578,88260.05352343876,94442.4412889467,0,Low Risk
2023-02-13,1770.8500046499998,-0.005567944408740898,0.7338200558062525,1.7676814324120778,1.6174704075905635,0.1392447641119361,0.1762995775123792,0.18221401775787985,1,Positive,1.0,-0.005567944408740898,-0.005567944408740898,87768.62645190777,93916.59102602406,0,Low Risk
2023-02-14,1784.6350022499998,0.007754253861696387,0.758102745330947,1.8712389278028554,1.635959162057624,0.06145067459770611,0.1664340624357669,0.1762995775123792,1,Positive,1.0,0.007754253861696387,0.007754253861696387,88449.20666250825,94644.84411466497,0,Low Risk
2023-02-15,1795.8800187000002,0.006281249125337878,0.5922800307027011,1.8130989839982259,1.7338872760601585,0.1625232504946845,0.13975493927315183,0.1664340624357669,1,Positive,1.0,0.006281249125337878,0.006281249125337878,89004.77816449395,95239.33195897796,0,Low Risk
2023-02-16,1795.5799882500003,-0.0001670799341311591,0.5606102865098832,1.7708028107381923,1.577151605671348,0.15619952529668807,0.1384376091958613,0.13975493927315183,1,Positive,1.0,-0.0001670799341311591,-0.0001670799341311591,88989.90725202089,95223.41937766757,0,Low Risk
2023-02-17,1781.07251735,-0.008112362293567437,0.7007421219669387,1.7368502878741057,1.7102451789596547,0.17774117644876242,0.14065906752128993,0.1384376091958613,1,Positive,1.0,-0.008112362293567437,-0.008112362293567437,88267.98888392153,94450.93250084361,0,Low Risk
2023-02-20,1773.72248535,-0.004135283451540047,0.6745295890863916,1.9732257613763253,1.9732257613763253,0.2031433287387093,0.17409909439279514,0.16497072801754187,1,Positive,1.0,-0.004135283451540047,-0.004135283451540047,87902.97573018912,94060.35112269035,0,Low Risk
2023-02-21,1771.8075257,-0.0010802107612901573,0.5318655747423849,1.8450840488534779,1.8450840488534779,0.17320160589673939,0.1900635131497999,0.17409909439279514,1,Positive,1.0,-0.0010802107612901573,-0.0010802107612901573,87808.02198985594,93958.74611919688,0,Low Risk
2023-02-22,1747.17999265,-0.013997171065497345,0.5675900039032232,1.7577383803224853,1.7577383803224853,0.22419629778180802,0.19887394847653184,0.1900635131497999,1,Positive,1.0,-0.013997171065497345,-0.013997171065497345,86578.95808514098,92643.58947666685,0,Low Risk
2023-02-23,1738.9474944500002,-0.0047230134490989124,0.492163879506212,2.2979266137457484,1.7542444509677202,0.12225260053362165,0.1940243877960938,0.19887394847653184,1,Positive,1.0,-0.0047230134490989124,-0.0047230134490989124,86170.04450169588,92206.03255759575,0,Low Risk
2023-02-24,1741.7374938499997,0.0016031327206631673,0.5901622460858349,1.9043288232837412,1.555753151067798,0.12672637615885055,0.18673655918324925,0.1940243877960938,1,Positive,1.0,0.0016031327206631673,0.0016031327206631673,86308.18651957756,92353.85106543137,0,Low Risk
2023-02-27,1721.39751125,-0.011746707219963412,0.6719773229402372,1.7384840598067608,1.7384840598067608,0.5518975257873535,0.2464664567600326,0.1966444286102263,1,Positive,1.0,-0.011746707219963412,-0.011746707219963412,85294.34952184609,91268.99741632964,0,Low Risk
2023-02-28,1714.12501225,-0.004233713976923347,0.6277312507590497,2.1606533979740634,1.8067837079678177,0.21156550633410612,0.2519470139653707,0.2464664567600326,1,Positive,1.0,-0.004233713976923347,-0.004233713976923347,84933.23764212287,90882.59058630836,0,Low Risk
2023-03-01,1723.95998835,0.005721209874103774,0.6665556554241554,1.8703389972210802,1.8703389972210802,0.050877040872971215,0.22718712012125117,0.2519470139653707,1,Positive,1.0,0.005721209874103774,0.005721209874103774,85419.15851996058,91402.54896095487,0,Low Risk
2023-03-02,1714.4875060499999,-0.005509757690798937,0.6734890268771291,1.7653653499526714,1.81176634602606,0.05626615881919861,0.21776048559061928,0.22718712012125117,1,Positive,1.0,-0.005509757690798937,-0.005509757690798937,84948.51965436366,90898.94306385862,0,Low Risk
2023-03-03,1734.0525008500001,0.0113469495391176,0.9271482478301795,1.8659089287491908,1.8027324333851247,-0.4807733396689097,0.13097481190093926,0.21776048559061928,1,Positive,1.0,0.0113469495391176,0.0113469495391176,85912.42622030446,91930.36878396335,0,Low Risk
2023-03-06,1735.8100067999999,0.0010130119544622062,0.7015875142833828,1.9366040271154121,1.729677769595596,0.2339293947443366,0.005441331252869645,0.05843601976003913,1,Neutral,1.0,0.0010130119544622062,0.0010130119544622062,85999.45653510248,92023.49534651963,0,Low Risk
2023-03-08,1737.3175049000001,0.000868092628094394,0.6274923269748471,1.7440591741228877,1.7039691440122238,-0.241908204741776,-0.09434055288632709,-0.03578350376337765,1,Neutral,0.7,0.000868092628094394,0.000868092628094394,86074.11202934073,92103.38026444141,0,Low Risk
2023-03-09,1717.3124969,-0.011581692745330599,0.8544602277409217,1.7217019825149162,1.5541459657134118,-0.5192044923702875,-0.20943468312422434,-0.09434055288632709,1,Negative,0.7,-0.008107184921731419,-0.011581692745330599,85376.29328614504,91036.66721341231,0,Low Risk
2023-03-10,1707.7999969,-0.005554576367864931,0.8550835316857524,2.1481331733760047,1.726442325924587,0.3415239055951436,-0.04497523407141365,-0.20943468312422434,1,Neutral,0.7,-0.0038882034575054513,-0.005554576367864931,85044.33288740086,90530.99709309949,0,Low Risk
2023-03-13,1683.4649948,-0.014351824382948514,0.7025468100381559,1.911229469206848,1.7381604232356986,-0.5244030572760564,-0.3002429648867657,-0.17385422288336685,1,Negative,0.7,-0.01004627706806396,-0.014351824382948514,84189.95395614536,89231.7121216061,0,Low Risk
2023-03-14,1671.17500305,-0.00732719263050373,0.5861041425486322,2.330778284441883,2.330778284441883,-0.072076173292266,-0.2676477089446943,-0.3002429648867657,1,Negative,0.0,-0.00512903484135261,-0.00732719263050373,83758.14074901241,88577.89417814145,1,High Risk
2023-03-15,1667.0100129000002,-0.0024953633734054715,0.47319241958089503,2.0035459892012786,1.6235863145507425,-0.2640876858853377,-0.27081620625091746,-0.2676477089446943,1,Negative,0.7,-0.0,-0.0024953633734054715,83758.14074901241,88356.86014531594,0,Low Risk
2023-03-16,1674.6550201500002,0.004575575656030562,0.6912672211243429,1.8022781517110218,1.8022781517110218,-0.4320181077045779,-0.2583610084415303,-0.27081620625091746,1,Negative,0.7,0.003202902959221393,0.004575575656030562,84026.40994587631,88761.14364364014,0,Low Risk
2023-03-17,1685.5924865999998,0.00650994014867523,0.8586923072942162,1.7384851644261348,1.7384851644261348,0.09622086869443164,-0.2934042994273463,-0.2583610084415303,1,Negative,0.7,0.004556958104072661,0.00650994014867523,84409.3147756353,89338.9733762882,0,Low Risk
2023-03-20,1666.47498935,-0.011406515331767342,0.7628237866397437,1.7642275502069606,1.6993302565432622,-0.3190204449321913,-0.2634843755060994,-0.29282474869808006,1,Negative,0.7,-0.007984560732237139,-0.011406515331767342,83735.34347544271,88319.92700674722,0,Low Risk
2023-03-21,1685.40749665,0.011296761578516192,0.8844264151371475,2.1404249990973594,2.1404249990973594,0.15826655821874738,-0.23057827100452602,-0.2634843755060994,1,Negative,0.0,0.007907733104961335,0.011296761578516192,84397.50022309877,89317.65616477441,1,High Risk
2023-03-22,1696.3550215500004,0.006474471866845878,0.8689897592797557,1.9652793108645426,1.9652793108645426,0.7618946433067322,-0.08400936683423031,-0.23057827100452602,1,Neutral,0.7,0.0,0.006474471866845878,84397.50022309877,89895.94081682585,0,Low Risk
2023-03-23,1688.8500106499996,-0.004434013966432636,0.9319805597470974,1.7898344432524416,1.7898344432524416,0.7618946433067322,-0.026007910022505732,-0.08400936683423031,1,Neutral,0.7,-0.003103809776502845,-0.004434013966432636,84135.54643679391,89497.34095971845,0,Low Risk
2023-03-24,1667.01501455,-0.013013219584469137,1.0771306028692862,1.8290605896967425,1.8290605896967425,0.7618946433067322,-0.050453665765893205,-0.026007910022505732,1,Neutral,0.7,-0.009109253709128396,-0.013013219584469137,83369.134398345,88332.69240958354,0,Low Risk
2023-03-27,1667.64997105,0.00038082176795314215,0.9468178843217344,2.2390994519422307,1.8522375902799477,0.35329008457206545,0.43609018599791904,0.3016280800970676,1,Positive,1.0,0.0002665752375671995,0.00038082176795314215,83391.35854515302,88366.331421675,0,Low Risk
2023-03-28,1660.9425200500002,-0.004030208021431916,0.7151036806234785,1.7872440512542256,1.8294414015787241,0.12144591792353562,0.42872605793887664,0.43609018599791904,1,Positive,1.0,-0.004030208021431916,-0.004030208021431916,83055.27402302624,88010.19672395485,0,Low Risk
2023-03-29,1681.9925293000001,0.012593895579992858,0.9347979831973271,1.8156275921213951,1.8156275921213951,0.01953035779297352,0.28025320083612487,0.42872605793887664,1,Positive,1.0,0.012593895579992858,0.012593895579992858,84101.26347143993,89118.58795147098,0,Low Risk
2023-03-31,1696.7149948,0.008714905670461853,1.019766941795286,1.984726251359824,1.7286660105938165,0.5219538899307902,0.24403917005236092,0.1977200500726227,1,Positive,1.0,0.008714905670461853,0.008714905670461853,84834.19804936019,89895.2480389528,0,Low Risk
2023-04-03,1713.1674698,0.009649952949401991,0.6980413043645356,1.8509213676802283,1.691784226013565,0.17694756528362632,0.12550541395943524,0.15069720242921228,1,Positive,1.0,0.009649952949401991,0.009649952949401991,85652.84406903677,90762.73295290353,0,Low Risk
2023-04-05,1723.4124863000002,0.005962350349122887,0.6385674634587909,1.8663597126018432,1.8663597126018432,0.1277491534128785,0.15608758776291434,0.1406277598172136,1,Positive,1.0,0.005962350349122887,0.005962350349122887,86163.53633377516,91303.89216541263,0,Low Risk
2023-04-06,1736.2149962999997,0.007401125412622085,0.25055759794892807,1.766040009248109,1.766040009248109,0.23032770156860352,0.21969807423627027,0.15608758776291434,1,Positive,1.0,0.007401125412622085,0.007401125412622085,86801.24347217644,91979.64372198937,0,Low Risk
2023-04-10,1731.2324921,-0.0028738763288816607,0.5028435817439096,1.7866647050891356,1.5963171648852388,0.29374985533456005,0.21528954796467709,0.19860350652882944,1,Positive,1.0,-0.0028738763288816607,-0.0028738763288816607,86551.78743324426,91715.30560115777,0,Low Risk
2023-04-11,1745.2750092,0.008078563596533273,0.49426160088392124,1.7827699170360614,1.8188236515953795,0.3077958571509673,0.22678862199653183,0.21528954796467709,1,Positive,1.0,0.008078563596533273,0.008078563596533273,87251.00155241735,92456.2335302322,0,Low Risk
2023-04-12,1769.2975036499997,0.01367043557811638,0.5976286364800703,1.806793286314044,1.806793286314044,0.6770650036633015,0.30526231488944944,0.22678862199653183,1,Positive,1.0,0.01367043557811638,0.01367043557811638,88443.76074826579,93720.15051450251,0,Low Risk
2023-04-13,1774.1550155500001,0.0027416847926929333,0.6210647490339652,2.0342165931190976,1.8658721443315283,0.26984208990489283,0.31090722750891925,0.30526231488944944,1,Positive,1.0,0.0027416847926929333,0.0027416847926929333,88686.24566211789,93977.10162593702,0,Low Risk
2023-04-17,1775.1850249500003,0.0005803948999877107,0.651371049150299,1.7505739896712658,1.7505739896712658,-0.45864607784010114,0.1999773532123721,0.307462486523038,1,Positive,1.0,0.0005803948999877107,0.0005803948999877107,88737.71870679923,94031.64545643632,0,Low Risk
2023-04-18,1771.5325059,-0.002059662383293331,0.6291558706595136,1.7203494891225397,1.7203494891225397,-0.1060910274585088,0.14085065541101838,0.1999773532123721,1,Positive,1.0,-0.002059662383293331,-0.002059662383293331,88554.94896559957,93837.97201345053,0,Low Risk
2023-04-19,1774.1074981999998,0.0014524840365797897,0.6070225869451501,1.7554899695827064,1.7554899695827064,-0.4300623751644577,-0.017310398707232926,0.14085065541101838,1,Neutral,0.7,0.0014524840365797897,0.0014524840365797897,88683.57361533224,93974.27016982507,0,Low Risk
2023-04-20,1767.3950134500003,-0.003790759863102639,0.2661953173061033,1.7153153585440881,1.5610097549026503,-0.18274157121777534,-0.08196520743904268,-0.017310398707232926,1,Neutral,0.7,-0.0026535319041718474,-0.003790759863102639,88448.24892336798,93618.03627830095,0,Low Risk
2023-04-21,1770.5574753,0.0017877361000887876,0.24202589991255094,1.798133251610757,1.798133251610757,0.0011351414024829865,-0.10704960535426122,-0.08196520743904268,1,Negative,0.7,0.0012514152700621513,0.0017877361000887876,88558.93441268094,93785.4006213751,0,Low Risk
2023-04-24,1777.33500985,0.0038206021307986508,0.30911877455463727,1.7189887383212137,1.7356530425629588,0.03662811012731658,-0.10627376597039596,-0.1888194639649656,1,Negative,0.7,0.0026744214915590554,0.0038206021307986508,88795.77833014379,94143.71732282692,0,Low Risk
2023-04-25,1791.8449844499999,0.00813074967351192,0.43123647302905904,1.7163236334385534,1.7163236334385534,0.27446758225560186,-0.04284733101804419,-0.10627376597039596,1,Neutral,0.7,0.005691524771458343,0.00813074967351192,89301.16170211074,94909.1763217127,0,Low Risk
2023-04-26,1789.4050172,-0.001362634625571811,0.46202245193213093,1.798878189808619,1.798878189808619,0.1581596845967902,0.05518967894216379,-0.04284733101804419,1,Neutral,1.0,-0.0009538442379002677,-0.001362634625571811,89215.98230358337,94779.84979177223,0,Low Risk
2023-04-27,1811.2725022,0.012146466178170305,0.5315561806158451,1.7494752023571718,1.7360344970236976,0.4858299162652757,0.16661826018933898,0.05518967894216379,1,Positive,1.0,0.012146466178170305,0.012146466178170305,90299.64121518609,95931.09003164005,0,Low Risk
2023-04-28,1833.0975052999997,0.011977523673131157,0.5756869203512873,1.9532930838961349,1.7776838326275983,0.4510389268398285,0.24160222442889656,0.16661826018933898,1,Positive,1.0,0.011977523673131157,0.011977523673131157,91381.20730551623,97080.1069334833,0,Low Risk
2023-05-02,1837.29249265,0.002285854734214465,0.6000693878884346,1.9676797139040894,1.8140280368989854,0.4510389268398285,0.31711845838085373,0.31102547607724634,1,Positive,1.0,0.002285854734214465,0.002285854734214465,91590.09147085377,97302.01795551524,0,Low Risk
2023-05-03,1828.8000213000003,-0.004632990852417022,0.7684337232829632,1.7388388657470835,1.7887225896023722,0.4510389268398285,0.3489102131376664,0.31711845838085373,1,Positive,1.0,-0.004632990852417022,-0.004632990852417022,91165.75541489727,96851.21859640563,0,Low Risk
2023-05-04,1851.42249605,0.012294234703565131,0.7692006298053441,1.825302406701958,1.825302406701958,0.4510389268398285,0.31468028735576414,0.3489102131376664,1,Positive,1.0,0.012294234703565131,0.012294234703565131,92286.56860889583,98041.93020915613,0,Low Risk
2023-05-05,1844.8850052000003,-0.003537312663801828,0.8157710561898135,1.967147027655194,1.7049130920705167,0.4510389268398285,0.26922740752774266,0.31468028735576414,1,Positive,1.0,-0.003537312663801828,-0.003537312663801828,91960.12216105676,97695.1252478437,0,Low Risk
2023-05-08,1873.8424973,0.01557418627431662,0.9168516719430423,1.818684537838162,1.818684537838162,0.4510389268398285,-0.11030177502996391,-0.11030177502996391,1,Negative,0.7,0.01557418627431662,0.01557418627431662,93392.32623340197,99216.6473265463,0,Low Risk
2023-05-09,1871.7624923499995,-0.001110637757883214,0.9484399111901384,2.132791381905147,1.876389043625985,0.4510389268398285,-0.11030177502996391,-0.11030177502996391,1,Negative,0.7,-0.0007774464305182497,-0.001110637757883214,93319.71870273401,99106.45357181485,0,Low Risk
2023-05-10,1882.5900252500003,0.00576800546483513,0.8256105631628468,1.7870616160458443,1.834589673319822,-0.13356277346611023,-0.13356277346611023,-0.11030177502996391,1,Negative,0.7,0.004037603825384591,0.00576800546483513,93696.506755952,99678.1001376175,0,Low Risk
2023-05-11,1881.1125014000004,-0.0007851438393122929,0.7738989543134753,1.7484287934389344,1.7484287934389344,-0.4217540454119444,-0.27765840943902725,-0.13356277346611023,1,Negative,0.7,-0.000549600687518605,-0.0007851438393122929,93645.01109142082,99599.8384913801,0,Low Risk
2023-05-12,1882.4824980999997,0.0007280256035477292,0.7014335000142835,1.7324197631323843,1.7324197631323843,0.07293337024748325,-0.16079448287685708,-0.27765840943902725,1,Negative,0.7,0.0005096179224834105,0.0007280256035477292,93692.73426742418,99672.34972391104,0,Low Risk
2023-05-15,1885.6449890999997,0.00167854816657647,0.27650831539039883,1.7133312963749032,1.791021115369855,-0.3823022080792321,-0.13268205167518718,-0.07027701257417596,1,Negative,0.7,0.001174983716603529,0.00167854816657647,93802.82170455247,99839.65456379848,0,Low Risk
2023-05-16,1882.8325135,-0.0014926325659267367,0.28507621074162737,1.7061608417639966,1.7061608417639966,0.06374787140105452,-0.09994373116248023,-0.13268205167518718,1,Neutral,0.7,-0.0010448427961487156,-0.0014926325659267367,93704.81250203605,99690.63064402569,0,Low Risk
2023-05-17,1872.46498565,-0.005521562109239961,0.27777335122845803,1.7385796599864192,1.7425699933436003,-0.6602624654769897,-0.1877270131642935,-0.09994373116248023,1,Negative,0.7,-0.0038650934764679723,-0.005521562109239961,93342.63464252076,99140.1826352154,0,Low Risk
2023-05-18,1863.3199996500002,-0.00489589433167074,0.32391961296845523,1.8540688060940982,1.8540688060940982,-0.04479002207517624,-0.1248996759414988,-0.1877270131642935,1,Negative,0.7,-0.003427126032169518,-0.00489589433167074,93022.73766942609,98654.80277701085,0,Low Risk
2023-05-19,1857.5475234,-0.003102760764939366,0.289695140891583,1.8448671858716263,1.8448671858716263,-0.5949307177215815,-0.23621035726967624,-0.1248996759414988,1,Negative,0.7,-0.002171932535457556,-0.003102760764939366,92820.69855894454,98348.70052568152,0,Low Risk
2023-05-22,1873.51751095,0.008560603973121542,0.5728659332470869,1.7899527933135684,1.7899527933135684,-0.15946579507241646,-0.33651913116451626,-0.3683529044512043,1,Negative,0.7,0.005992422781185079,0.008560603973121542,93376.91942755468,99190.62480215302,0,Low Risk
2023-05-23,1880.6024872500002,0.0037745115846039416,0.6150905191543815,1.816559360051257,1.7507708657799703,0.16823513774822155,-0.3215923788292067,-0.33651913116451626,1,Negative,0.7,0.002642158109222759,0.0037745115846039416,93623.63601243444,99565.02096455284,0,Low Risk
2023-05-24,1880.6400008999997,1.9947477525696686e-05,0.5416006915496302,1.7234787569370573,1.7234787569370573,-0.5950235798954964,-0.31227253803185057,-0.3215923788292067,1,Negative,0.7,1.3963234267987679e-05,1.9947477525696686e-05,93624.94330119708,99567.00703557089,0,Low Risk
2023-05-25,1895.8699677,0.008065674123529392,0.5055468280608268,1.7168605369082635,1.7168605369082635,0.07445481063967402,-0.29523756192972905,-0.31227253803185057,1,Negative,0.7,0.005645971886470574,0.008065674123529392,94153.54709894804,100370.08206777496,0,Low Risk
2023-05-26,1914.3625197999997,0.009706860336018738,0.4039649937719674,1.7925748768525247,1.7925748768525247,0.4387134128353662,-0.14757411470730794,-0.29523756192972905,1,Negative,0.7,0.006794802235213116,0.009706860336018738,94793.30183122921,101344.36043632159,0,Low Risk
2023-05-29,1922.8399964,0.004418578564432855,0.380786742993871,1.8543823949624487,1.8543823949624487,0.17814388144761323,0.12974483080202928,0.0815148770134536,1,Positive,1.0,0.003093004995102998,0.004418578564432855,95086.49798729552,101792.15845497166,0,Low Risk
2023-05-30,1925.9574798500003,0.0016199782664652286,0.41183467227103554,1.73369751282912,1.746584691295054,0.2872118803539446,0.1467415083171326,0.12974483080202928,1,Positive,1.0,0.0016199782664652286,0.0016199782664652286,95240.53604746923,101957.05953936532,0,Low Risk
2023-05-31,1925.8399873499995,-6.100658253074928e-05,0.4141763508475978,1.7062247895295788,1.6336208615105152,-0.4029311160311887,0.17418328886917653,0.1467415083171326,1,Positive,1.0,-6.100658253074928e-05,-6.100658253074928e-05,95234.72574784658,101950.83948759793,0,Low Risk
2023-06-01,1927.93250725,0.0010859593339131684,0.3914884153325179,1.7146158598171781,1.7146158598171781,0.0332635868872915,0.16829882833312187,0.17418328886917653,1,Positive,1.0,0.0010859593339131684,0.0010859593339131684,95338.1467871851,102061.55395333978,0,Low Risk
2023-06-02,1930.8249893,0.0014991782169947038,0.1651878207443796,1.705630764155634,1.705630764155634,0.3337531800248793,0.15330450936019518,0.16829882833312187,1,Positive,1.0,0.0014991782169947038,0.0014991782169947038,95481.07566009709,102214.56241181925,0,Low Risk
2023-06-05,1934.4075148500003,0.001853718539328023,0.07576904397151416,1.702464083386914,1.742355823174076,-0.18766630011109206,0.09928102669398416,0.1515396240595135,1,Neutral,1.0,0.001853718539328023,0.001853718539328023,95658.07070020318,102404.03944115133,0,Low Risk
2023-06-06,1947.03500365,0.006506618758183117,0.25253017149323165,1.700948794063551,1.700948794063551,0.008218894047396523,0.0594248857930487,0.09928102669398416,1,Neutral,1.0,0.006506618758183117,0.006506618758183117,96280.48129739273,103070.34348509283,0,Low Risk
2023-06-07,1964.4400008,0.00889951335747719,0.3522635011974637,1.7488137865752176,1.7488137865752176,0.390364864163778,0.1727528829637582,0.0594248857930487,1,Positive,1.0,0.00889951335747719,0.00889951335747719,97137.3307267632,103987.61938369818,0,Low Risk
2023-06-08,1951.3474838000002,-0.0066870665680780475,0.5974772755645241,1.819681676105256,1.819681676105256,0.22690192291823527,0.20041550239675018,0.1727528829637582,1,Positive,1.0,-0.0066870665680780475,-0.0066870665680780475,96487.76692994793,103292.24725062342,0,Low Risk
2023-06-09,1942.60748895,-0.004489014170926557,0.6753505651180812,1.9047035575411806,1.6385191037725808,0.11013444963221748,0.1684699694835128,0.20041550239675018,1,Positive,1.0,-0.004489014170926557,-0.004489014170926557,96054.63197687833,102828.56688896853,0,Low Risk
2023-06-12,1949.3275008,0.0034533046137120906,0.6828690468848021,1.8342362638905017,1.655319987181709,0.6271344639360905,0.24969948023792177,0.11389935289672466,1,Positive,1.0,0.0034533046137120906,0.0034533046137120906,96386.33788065251,103183.6652534276,0,Low Risk
2023-06-13,1963.8725128500002,0.007433854125336882,0.7007647406931413,1.7201708186263367,1.5252036944654315,0.5227792848120717,0.33545954536536765,0.24969948023792177,1,Positive,1.0,0.007433854125336882,0.007433854125336882,97102.85985613272,103950.7175690392,0,Low Risk
2023-06-14,1961.9250182999997,-0.0009921523941577575,0.5760029155251766,1.7723789551446973,1.5001472485902843,0.3744793446734548,0.33281195878364705,0.33545954536536765,1,Positive,1.0,-0.0009921523941577575,-0.0009921523941577575,97006.5190212469,103847.58261572866,0,Low Risk
2023-06-15,1963.52501075,0.0008151893549853968,0.45068566727098586,1.7329183081270998,1.7329183081270998,-0.0661399078865846,0.28397165364951044,0.33281195878364705,1,Positive,1.0,0.0008151893549853968,0.0008151893549853968,97085.59770291722,103932.23805961797,0,Low Risk
2023-06-16,1980.0025314,0.008356790395082575,0.40608605592940666,1.7071638487673173,1.7071638487673173,0.1872151583771814,0.2968184384403378,0.28397165364951044,1,Positive,1.0,0.008356790395082575,0.008356790395082575,97896.9216933018,104800.77798837401,0,Low Risk
2023-06-19,2099.0444590555553,0.05838409848876267,2.469977581461854,1.796359676277953,1.796359676277953,0.055121734738349915,0.19644391968800548,0.2781600238591113,1,Positive,1.0,0.05838409848876267,0.05838409848876267,103612.54521119023,110919.4769321462,0,Low Risk
2023-06-20,2097.263900666667,-0.0008486309122744014,2.557932748786464,5.553280338006436,2.4806442805942455,0.04388299927507576,0.1280301646112918,0.19644391968800548,1,Positive,0.3,-0.0008486309122744014,-0.0008486309122744014,103524.61640242458,110825.34723524826,1,High Risk
2023-06-21,2330.0366537333334,0.10525040790293465,4.648567300489403,2.5028304512351145,2.5028304512351145,0.16057920017663171,0.09747300111174564,0.1280301646112918,1,Neutral,0.3,0.03157512237088039,0.10525040790293465,106793.4188337296,122489.76023774252,1,High Risk
2023-06-22,2306.8333354666665,-0.010008265058599348,4.864209541239851,9.741535943368632,4.725127008022753,0.05962715088389814,0.11543972379324319,0.09747300111174564,1,Positive,0.3,-0.0030024795175798043,-0.010008265058599348,106472.77378106899,121263.85025031892,1,High Risk
2023-06-23,2291.1699748,-0.006813140486997028,5.092281033748865,4.125948096538355,4.125948096538355,-0.23144534206949174,0.055631080872289865,0.11543972379324319,1,Neutral,0.3,-0.0020439421460991085,-0.006813140486997028,106255.14959132578,120437.66260256931,1,High Risk
